"","country","date","hhi_cumulative","hhi_new"
"1","France",2020-01-01,0,0
"2","France",2020-01-02,0,0
"3","France",2020-01-03,0,0
"4","France",2020-01-04,0,0
"5","France",2020-01-05,0,0
"6","France",2020-01-06,0,0
"7","France",2020-01-07,0,0
"8","France",2020-01-08,0,0
"9","France",2020-01-09,0,0
"10","France",2020-01-10,0,0
"11","France",2020-01-11,0,0
"12","France",2020-01-12,0,0
"13","France",2020-01-13,0,0
"14","France",2020-01-14,0,0
"15","France",2020-01-15,0,0
"16","France",2020-01-16,0,0
"17","France",2020-01-17,0,0
"18","France",2020-01-18,0,0
"19","France",2020-01-19,0,0
"20","France",2020-01-20,0,0
"21","France",2020-01-21,0,0
"22","France",2020-01-22,0,0
"23","France",2020-01-23,0,0
"24","France",2020-01-24,1,1
"25","France",2020-01-25,1,1
"26","France",2020-01-26,1,0
"27","France",2020-01-27,1,0
"28","France",2020-01-28,1,1
"29","France",2020-01-29,1,1
"30","France",2020-01-30,1,0
"31","France",2020-01-31,1,0
"32","France",2020-02-01,1,1
"33","France",2020-02-02,1,0
"34","France",2020-02-03,1,0
"35","France",2020-02-04,1,0
"36","France",2020-02-05,1,0
"37","France",2020-02-06,1,0
"38","France",2020-02-07,1,0
"39","France",2020-02-08,1,1
"40","France",2020-02-09,1,0
"41","France",2020-02-10,1,0
"42","France",2020-02-11,1,0
"43","France",2020-02-12,1,0
"44","France",2020-02-13,1,0
"45","France",2020-02-14,1,0
"46","France",2020-02-15,1,1
"47","France",2020-02-16,1,0
"48","France",2020-02-17,1,0
"49","France",2020-02-18,1,0
"50","France",2020-02-19,1,0
"51","France",2020-02-20,1,0
"52","France",2020-02-21,1,0
"53","France",2020-02-22,1,0
"54","France",2020-02-23,1,0
"55","France",2020-02-24,1,0
"56","France",2020-02-25,1,1
"57","France",2020-02-26,1,1
"58","France",2020-02-27,1,1
"59","France",2020-02-28,1,1
"60","France",2020-02-29,1,1
"61","France",2020-03-01,1,1
"62","France",2020-03-02,1.13623530056742,2.33566245632894
"63","France",2020-03-03,1.17644655901576,3.01775147928994
"64","France",2020-03-04,1.15029855340105,1.16902911141594
"65","France",2020-03-05,1.17069704282729,1.34274574669187
"66","France",2020-03-06,1.11769685911883,1.08036651963873
"67","France",2020-03-07,1.15061608858973,1.26168736303871
"68","France",2020-03-08,1.17146787225249,1.42685690574228
"69","France",2020-03-09,1.2232545952229,2.95224270576281
"70","France",2020-03-10,1.14505966086187,1.04045066162571
"71","France",2020-03-11,1.14975953115928,1.18485966098401
"72","France",2020-03-12,1.22513910828853,0
"73","France",2020-03-13,1.14076841906328,1.04608695652174
"74","France",2020-03-14,1.14158875034855,1.157728102637
"75","France",2020-03-15,1.214452832644,190.072222222222
"76","France",2020-03-16,1.15558691246062,1.08031193098923
"77","France",2020-03-17,1.16627255149445,1.25954268313236
"78","France",2020-03-18,1.17313302366326,1.22096552707893
"79","France",2020-03-19,1.18123759774831,1.230136665725
"80","France",2020-03-20,1.17267663592756,1.13044653046223
"81","France",2020-03-21,1.1801919430294,1.31851159955538
"82","France",2020-03-22,1.18324912551167,1.23314594438192
"83","France",2020-03-23,1.17041656159238,1.1276497524413
"84","France",2020-03-24,1.1678076121319,1.15945589837242
"85","France",2020-03-25,1.16595655444061,1.15727060868458
"86","France",2020-03-26,1.12859657815646,1.00365301606726
"87","France",2020-03-27,1.10408612096216,1.00439322352216
"88","France",2020-03-28,1.09629254952061,1.07317762616914
"89","France",2020-03-29,1.09861943045388,1.14605848492058
"90","France",2020-03-30,1.0958325194834,1.07515931589625
"91","France",2020-03-31,1.08960511229842,1.0594507889481
"92","France",2020-04-01,1.09411805160001,1.15467223962974
"93","France",2020-04-02,1.10337105829412,1.52966684653071
"94","France",2020-04-03,1.10155394753048,1.08335392604132
"95","France",2020-04-04,1.09965178505218,1.07514446549401
"96","France",2020-04-05,1.10150781250533,1.18322102750497
"97","France",2020-04-06,1.10023099811071,1.08040483426801
"98","France",2020-04-07,1.10170112981971,1.13529669601883
"99","France",2020-04-08,1.10255810251682,1.12532550940068
"100","France",2020-04-09,1.10216011078721,1.09539490803273
"101","France",2020-04-10,1.10164330057252,1.09243289278015
"102","France",2020-04-11,1.1004656097487,1.07394475567485
"103","France",2020-04-12,1.06360983919903,1.00067798386222
"104","France",2020-04-13,1.06193658269875,1.01974818021586
"105","France",2020-04-14,1.06014871142228,1.02421749859231
"106","France",2020-04-15,1.06068194763108,1.08483352825425
"107","France",2020-04-16,1.05327354983988,1.00441031532503
"108","France",2020-04-17,1.05455859350094,1.19413365348795
"109","France",2020-04-18,1.05648663990302,1251.15570934256
"110","France",2020-04-19,1.05391523180917,1.0047768993613
"111","France",2020-04-20,1.0539588280023,1.06082109314314
"112","France",2020-04-21,1.05414957155765,1.06819752187926
"113","France",2020-04-22,1.05768374069213,1.086986862665
"114","France",2020-04-23,1.05759383155608,1.05241576933152
"115","France",2020-04-24,1.05803677521316,1.11195092781914
"116","France",2020-04-25,1.05798740728224,1.05385663901141
"117","France",2020-04-26,1.05817131829152,1.12556448340232
"118","France",2020-04-27,1.05652341793138,1.0085090844791
"119","France",2020-04-28,1.0553549885672,1.01065295435836
"120","France",2020-04-29,1.05889218514158,1.06382912973143
"121","France",2020-04-30,1.05953574502072,1.33068956403348
"122","France",2020-05-01,1.06017394882385,0
"123","France",2020-05-02,1.05977603687047,1.01883666089381
"124","France",2020-05-03,1.05989867952307,1.15764243973703
"125","France",2020-05-04,1.06015615939413,1.15687434349436
"126","France",2020-05-05,1.06043912710575,1.11983813173561
"127","France",2020-05-06,1.05883874553329,1.0081970804677
"128","France",2020-05-07,1.05904058227393,1.14996143667297
"129","France",2020-05-08,1.05854814949008,1.01224649234303
"130","France",2020-05-09,1.05853167359689,1.05447314049587
"131","France",2020-05-10,1.05860890769294,1.12691919680491
"132","France",2020-05-11,1.05878049412261,1.15084384055134
"133","France",2020-05-12,1.05901263541776,1.1321794620215
"134","France",2020-05-13,1.05967708580212,1.70677030307777
"135","France",2020-05-14,1.0596583830689,1.06004742112542
"136","France",2020-05-15,1.05964765762742,1.06289337194564
"137","France",2020-05-16,1.06001837096891,2.02303890306122
"138","France",2020-05-17,1.06011317893322,3.02112029384757
"139","France",2020-05-18,1.060231563461,1.15759260010548
"140","France",2020-05-19,1.06013293522076,1.04345338772261
"141","France",2020-05-20,1.06015805871294,1.06892506589499
"142","France",2020-05-21,1.06025556854924,1.18157702647368
"143","France",2020-05-22,1.06027284536272,1.07372890942474
"144","France",2020-05-23,1.06022681146366,1.05131631961164
"145","France",2020-05-24,1.06039327985205,1.13614512471655
"146","France",2020-05-25,1.06050560480754,1.14834109645726
"147","France",2020-05-26,1.06096213333823,1.14001618684241
"148","France",2020-05-27,1.06103516629018,1.20503874396527
"149","France",2020-05-28,1.05913481290032,1.00092521499312
"150","France",2020-05-29,1.05896842904751,1.01927259005092
"151","France",2020-05-30,1.05805526227044,1.00238641975309
"152","France",2020-05-31,1.05793711617567,1.01443186962426
"153","France",2020-06-01,1.05795905970148,1.12459562787962
"154","France",2020-06-02,1.05870829974059,1.01057397959184
"155","France",2020-06-03,1.05873159677452,1.08156417311124
"156","France",2020-06-04,1.05848505040703,1.01108152556974
"157","France",2020-06-05,1.05829749444271,1.01616979101029
"158","France",2020-06-06,1.05808113144899,1.00820823253204
"159","France",2020-06-07,1.05792906747719,1.00192197928922
"160","France",2020-06-08,1.05796895917736,1.195127030404
"161","France",2020-06-09,1.05791154350879,1.03593673423925
"162","France",2020-06-10,1.05774981833585,1.00795005361369
"163","France",2020-06-11,1.05763754273635,1.018882057364
"164","France",2020-06-12,1.05738008121745,1.00558950757004
"165","France",2020-06-13,1.05717980122592,1.00322436532448
"166","France",2020-06-14,1.05702775655921,1.00376707880162
"167","France",2020-06-15,1.05702715876368,1.14251730103806
"168","France",2020-06-16,1.0569863316726,1.03656193599721
"169","France",2020-06-17,1.05685086950674,1.01257224387672
"170","France",2020-06-18,1.05683696044875,1.06022128165144
"171","France",2020-06-19,1.05658822499248,1.00528476252544
"172","France",2020-06-20,1.05638259480256,1.00483439946132
"173","France",2020-06-21,1.05640963045187,29.72
"174","France",2020-06-22,1.0563587581766,1.03823905325444
"175","France",2020-06-23,1.05623369059308,1.01330144458759
"176","France",2020-06-24,1.05641122597024,1.0385484286082
"177","France",2020-06-25,1.05664891000761,1.02875816993464
"178","France",2020-06-26,1.05591984144959,1.00051935799061
"179","France",2020-06-27,1.05605247909769,1.0028430226379
"180","France",2020-06-28,1.05648120503337,1.00002104340873
"181","France",2020-06-29,1.05555286635542,1.0001845946712
"182","France",2020-06-30,1.05554153934586,1.15745523415978
"183","France",2020-07-01,1.05524882443634,1.00434661882182
"184","France",2020-07-02,1.05503273381197,1.00595363140228
"185","France",2020-07-03,1.05486738741319,1.01653461762754
"186","France",2020-07-04,1.05508208292993,1.00249680097375
"187","France",2020-07-05,1.05509401976307,2.33057851239669
"188","France",2020-07-06,1.05449937000492,1.00117577575714
"189","France",2020-07-07,1.05441271920393,1.02241982783086
"190","France",2020-07-08,1.0546126416792,1.01373341564841
"191","France",2020-07-09,1.05402596500713,1.00069050243948
"192","France",2020-07-10,1.05383483943114,1.01061406628393
"193","France",2020-07-11,1.05400989552971,1.01174584530404
"194","France",2020-07-12,1.05402279310937,2.50390625
"195","France",2020-07-13,1.05331043759462,1.00032078166914
"196","France",2020-07-14,1.05336575263371,1.2187825182102
"197","France",2020-07-15,1.05301952076576,1.00353878770329
"198","France",2020-07-16,1.0529119141964,1.01964540021517
"199","France",2020-07-17,1.05263508922793,1.00521404230516
"200","France",2020-07-18,1.05276095450444,1.02679814821785
"201","France",2020-07-19,1.05277300630313,44.625
"202","France",2020-07-20,1.05184867336453,1.00049148086826
"203","France",2020-07-21,1.0516768703338,1.00837877699936
"204","France",2020-07-22,1.05130326929664,1.00340192043896
"205","Germany",2020-01-01,0,0
"206","Germany",2020-01-02,0,0
"207","Germany",2020-01-03,0,0
"208","Germany",2020-01-04,0,0
"209","Germany",2020-01-05,0,0
"210","Germany",2020-01-06,0,0
"211","Germany",2020-01-07,0,0
"212","Germany",2020-01-08,0,0
"213","Germany",2020-01-09,0,0
"214","Germany",2020-01-10,0,0
"215","Germany",2020-01-11,0,0
"216","Germany",2020-01-12,0,0
"217","Germany",2020-01-13,0,0
"218","Germany",2020-01-14,0,0
"219","Germany",2020-01-15,0,0
"220","Germany",2020-01-16,0,0
"221","Germany",2020-01-17,0,0
"222","Germany",2020-01-18,0,0
"223","Germany",2020-01-19,0,0
"224","Germany",2020-01-20,0,0
"225","Germany",2020-01-21,0,0
"226","Germany",2020-01-22,0,0
"227","Germany",2020-01-23,0,0
"228","Germany",2020-01-24,0,0
"229","Germany",2020-01-25,0,0
"230","Germany",2020-01-26,0,0
"231","Germany",2020-01-27,1,1
"232","Germany",2020-01-28,1,1
"233","Germany",2020-01-29,1,0
"234","Germany",2020-01-30,1,0
"235","Germany",2020-01-31,1,1
"236","Germany",2020-02-01,1,1
"237","Germany",2020-02-02,1,1
"238","Germany",2020-02-03,1,1
"239","Germany",2020-02-04,1,0
"240","Germany",2020-02-05,1,0
"241","Germany",2020-02-06,1,0
"242","Germany",2020-02-07,1,1
"243","Germany",2020-02-08,1,0
"244","Germany",2020-02-09,1,1
"245","Germany",2020-02-10,1,0
"246","Germany",2020-02-11,1,1
"247","Germany",2020-02-12,1,0
"248","Germany",2020-02-13,1,0
"249","Germany",2020-02-14,1,0
"250","Germany",2020-02-15,1,0
"251","Germany",2020-02-16,1,0
"252","Germany",2020-02-17,1,0
"253","Germany",2020-02-18,1,0
"254","Germany",2020-02-19,1,0
"255","Germany",2020-02-20,1,0
"256","Germany",2020-02-21,1,0
"257","Germany",2020-02-22,1,0
"258","Germany",2020-02-23,1,0
"259","Germany",2020-02-24,1,0
"260","Germany",2020-02-25,1,1
"261","Germany",2020-02-26,1,1
"262","Germany",2020-02-27,1,1
"263","Germany",2020-02-28,1,1
"264","Germany",2020-02-29,1,1
"265","Germany",2020-03-01,1,1
"266","Germany",2020-03-02,1.58371899845734,18.5469678953627
"267","Germany",2020-03-03,1.64650145772595,2.14024835646457
"268","Germany",2020-03-04,1.94901229532079,3.22543617998163
"269","Germany",2020-03-05,1.5615261445223,1.23285123966942
"270","Germany",2020-03-06,1.44656493651147,1.25580013580806
"271","Germany",2020-03-07,1.43131354744119,1.35791118322216
"272","Germany",2020-03-08,1.29163831360947,1.02849468845233
"273","Germany",2020-03-09,1.35209215488917,2.15587153979239
"274","Germany",2020-03-10,1.41586707297599,1.77017768265346
"275","Germany",2020-03-11,1.41301768126261,1.41986519240318
"276","Germany",2020-03-12,1.5999832333044,6.18837370242214
"277","Germany",2020-03-13,1.36112856680087,1.14213994696537
"278","Germany",2020-03-14,1.35535853126869,1.3473082960995
"279","Germany",2020-03-15,1.28658462376822,1.09786558295198
"280","Germany",2020-03-16,1.29292514819414,1.32225425378255
"281","Germany",2020-03-17,1.31255412039453,1.39072083447011
"282","Germany",2020-03-18,1.28025616727444,1.20606192108139
"283","Germany",2020-03-19,1.28202521150188,1.2950102193011
"284","Germany",2020-03-20,1.23815214950431,1.12048612520134
"285","Germany",2020-03-21,1.24771731333195,1.3836326984879
"286","Germany",2020-03-22,1.23127607815103,1.12321117643733
"287","Germany",2020-03-23,1.21138885858722,1.11264553445354
"288","Germany",2020-03-24,1.21395846895267,1.2497966966442
"289","Germany",2020-03-25,1.22181179766915,1.30309227181123
"290","Germany",2020-03-26,1.20641876876479,1.13562481110694
"291","Germany",2020-03-27,1.19344731666122,1.12388366872396
"292","Germany",2020-03-28,1.17740265368776,1.08361384686006
"293","Germany",2020-03-29,1.16987497312564,1.08727339876033
"294","Germany",2020-03-30,1.16596093320279,1.12090284648341
"295","Germany",2020-03-31,1.17156526230524,1.26527268667935
"296","Germany",2020-04-01,1.17313545085989,1.19785978476723
"297","Germany",2020-04-02,1.17182250403203,1.16003632668841
"298","Germany",2020-04-03,1.17103753770486,1.16402330350151
"299","Germany",2020-04-04,1.16944981675495,1.14885560161136
"300","Germany",2020-04-05,1.16442820176024,1.06765035622893
"301","Germany",2020-04-06,1.1662983432272,1.23635223423671
"302","Germany",2020-04-07,1.16878336291112,1.23830404151097
"303","Germany",2020-04-08,1.16767326021803,1.14882128780752
"304","Germany",2020-04-09,1.16751873940292,1.16462623974756
"305","Germany",2020-04-10,1.16570744752807,1.11741006651968
"306","Germany",2020-04-11,1.1665105629826,1.20826322300298
"307","Germany",2020-04-12,1.16356832091921,1.06427507767099
"308","Germany",2020-04-13,1.1619824964467,1.08554140603847
"309","Germany",2020-04-14,1.16503703151055,1.63893190466617
"310","Germany",2020-04-15,1.16501499250758,1.16549352752214
"311","Germany",2020-04-16,1.16602624571387,1.21705137480867
"312","Germany",2020-04-17,1.16426004357029,1.10621211566427
"313","Germany",2020-04-18,1.16452378313678,1.18611904494419
"314","Germany",2020-04-19,1.16372834792712,1.10917357213339
"315","Germany",2020-04-20,1.16343404520742,1.15795578550552
"316","Germany",2020-04-21,1.16525675043088,1.46574424713055
"317","Germany",2020-04-22,1.16525347254855,1.16806184342616
"318","Germany",2020-04-23,1.1643671174835,1.11594868278237
"319","Germany",2020-04-24,1.16433319180542,1.16361748977666
"320","Germany",2020-04-25,1.16378887384344,1.11612183251345
"321","Germany",2020-04-26,1.16264115435754,1.05173257285059
"322","Germany",2020-04-27,1.16292606033374,1.21799754954187
"323","Germany",2020-04-28,1.16317785025836,1.2145449930766
"324","Germany",2020-04-29,1.16246669918732,1.1030977334312
"325","Germany",2020-04-30,1.16229187513616,1.15300337822204
"326","Germany",2020-05-01,1.16196382519138,1.12055594130932
"327","Germany",2020-05-02,1.16138306232516,1.07414846610276
"328","Germany",2020-05-03,1.16078640462574,1.06193174683878
"329","Germany",2020-05-04,1.16110534785701,1.32442135850578
"330","Germany",2020-05-05,1.16121089956676,1.20043500564276
"331","Germany",2020-05-06,1.16110091808016,1.1633102827908
"332","Germany",2020-05-07,1.1607893947832,1.13249833315089
"333","Germany",2020-05-08,1.16039768375526,1.11302987999678
"334","Germany",2020-05-09,1.16023602900587,1.13739255966446
"335","Germany",2020-05-10,1.1598431249652,1.06826069312556
"336","Germany",2020-05-11,1.15989743068431,1.18563468358964
"337","Germany",2020-05-12,1.16032546308177,1.3362050702634
"338","Germany",2020-05-13,1.16012028735384,1.13208794303462
"339","Germany",2020-05-14,1.16084596600939,1.6983864265928
"340","Germany",2020-05-15,1.16071366109237,1.14983904214727
"341","Germany",2020-05-16,1.16057826763448,1.13505667115878
"342","Germany",2020-05-17,1.15997147231818,1.04868278305914
"343","Germany",2020-05-18,1.16053800126167,2.62323390894819
"344","Germany",2020-05-19,1.15945085613199,1.04905983212545
"345","Germany",2020-05-20,1.15950555553265,1.19491951762331
"346","Germany",2020-05-21,1.15920989088445,1.08864017795301
"347","Germany",2020-05-22,1.15880926135886,1.08529852271123
"348","Germany",2020-05-23,1.15889344159884,1.24260922075194
"349","Germany",2020-05-24,1.15874595008302,1.10999110837523
"350","Germany",2020-05-25,1.15896900264162,1.41657655709343
"351","Germany",2020-05-26,1.15888232554981,1.15446666666667
"352","Germany",2020-05-27,1.15928400182224,1.56902530102119
"353","Germany",2020-05-28,1.15886299919407,1.08088639101474
"354","Germany",2020-05-29,1.15822395914931,1.04771038711685
"355","Germany",2020-05-30,1.15832056927862,1.28938545918725
"356","Germany",2020-05-31,1.15820382546174,1.10134927622285
"357","Germany",2020-06-01,1.15809325705606,1.12553166351607
"358","Germany",2020-06-02,1.15802265389068,1.19196060326254
"359","Germany",2020-06-03,1.15823295968462,1.63875418345741
"360","Germany",2020-06-04,1.15838592299357,1.33378787509842
"361","Germany",2020-06-05,1.15821450240937,1.14348715639439
"362","Germany",2020-06-06,1.15772536669274,1.05339458427908
"363","Germany",2020-06-07,1.15747586501923,1.05218888888889
"364","Germany",2020-06-08,1.15727572030005,1.11279397273454
"365","Germany",2020-06-09,1.15716703823101,1.17701400300744
"366","Germany",2020-06-10,1.15788506682935,164.0390625
"367","Germany",2020-06-11,1.15795194340364,1.42151885438185
"368","Germany",2020-06-12,1.15748419506516,1.06076687920342
"369","Germany",2020-06-13,1.15780866337245,12.1695419393218
"370","Germany",2020-06-14,1.15766780183476,1.11174425802765
"371","Germany",2020-06-15,1.15779235811114,1.50907198096371
"372","Germany",2020-06-16,1.15759387780242,1.17167436134195
"373","Germany",2020-06-17,1.15867629934531,4.15873579545455
"374","Germany",2020-06-18,1.15748681565331,1.05367518277196
"375","Germany",2020-06-19,1.15806967169847,2.06029510511183
"376","Germany",2020-06-20,1.15838283086452,1.74379726970888
"377","Germany",2020-06-21,1.1578626460709,1.07247712497655
"378","Germany",2020-06-22,1.15791045875589,1.36813459287201
"379","Germany",2020-06-23,1.15756397551252,1.13315080166646
"380","Germany",2020-06-24,1.15776792463215,1.4446334076831
"381","Germany",2020-06-25,1.15790675844468,1.36338
"382","Germany",2020-06-26,1.15784085809683,1.19025609135621
"383","Germany",2020-06-27,1.15775503351042,1.18295860380495
"384","Germany",2020-06-28,1.15775745265811,1.27011317338162
"385","Germany",2020-06-29,1.15790896209466,1.41806717514635
"386","Germany",2020-06-30,1.15807083033455,1.31463614757809
"387","Germany",2020-07-01,1.1580368998689,1.19428698060942
"388","Germany",2020-07-02,1.15803512957614,1.23002342558531
"389","Germany",2020-07-03,1.15810730138604,1.24338488994646
"390","Germany",2020-07-04,1.15795871131438,1.12246743435361
"391","Germany",2020-07-05,1.15767411974267,1.04670295857988
"392","Germany",2020-07-06,1.15732195360211,1.05892080456196
"393","Germany",2020-07-07,1.15755557191924,1.44237612569212
"394","Germany",2020-07-08,1.15773126363756,1.36425325085217
"395","Germany",2020-07-09,1.15797614192413,1.41865488355774
"396","Germany",2020-07-10,1.15817947754804,1.37849234672922
"397","Germany",2020-07-11,1.15807825772435,1.14307424944944
"398","Germany",2020-07-12,1.15797016704925,1.10736961451247
"399","Germany",2020-07-13,1.15805615671742,1.25718941295636
"400","Germany",2020-07-14,1.15836043210871,1.51568735559756
"401","Germany",2020-07-15,1.15858282239435,1.34911550468262
"402","Germany",2020-07-16,1.15869448129258,1.27067602040816
"403","Germany",2020-07-17,1.15861054825621,1.15788715486194
"404","Germany",2020-07-18,1.15864657280386,1.23198379730093
"405","Germany",2020-07-19,1.15848157780064,1.07613032959437
"406","Germany",2020-07-20,1.15825370891216,1.10461074403907
"407","Germany",2020-07-21,1.1584341242766,1.32598396501458
"408","Germany",2020-07-22,1.15862493566972,1.30399928315642
"409","Italy",2020-01-01,0,0
"410","Italy",2020-01-02,0,0
"411","Italy",2020-01-03,0,0
"412","Italy",2020-01-04,0,0
"413","Italy",2020-01-05,0,0
"414","Italy",2020-01-06,0,0
"415","Italy",2020-01-07,0,0
"416","Italy",2020-01-08,0,0
"417","Italy",2020-01-09,0,0
"418","Italy",2020-01-10,0,0
"419","Italy",2020-01-11,0,0
"420","Italy",2020-01-12,0,0
"421","Italy",2020-01-13,0,0
"422","Italy",2020-01-14,0,0
"423","Italy",2020-01-15,0,0
"424","Italy",2020-01-16,0,0
"425","Italy",2020-01-17,0,0
"426","Italy",2020-01-18,0,0
"427","Italy",2020-01-19,0,0
"428","Italy",2020-01-20,0,0
"429","Italy",2020-01-21,0,0
"430","Italy",2020-01-22,0,0
"431","Italy",2020-01-23,0,0
"432","Italy",2020-01-24,0,0
"433","Italy",2020-01-25,0,0
"434","Italy",2020-01-26,0,0
"435","Italy",2020-01-27,0,0
"436","Italy",2020-01-28,0,0
"437","Italy",2020-01-29,0,0
"438","Italy",2020-01-30,0,0
"439","Italy",2020-01-31,1,1
"440","Italy",2020-02-01,1,0
"441","Italy",2020-02-02,1,0
"442","Italy",2020-02-03,1,0
"443","Italy",2020-02-04,1,0
"444","Italy",2020-02-05,1,0
"445","Italy",2020-02-06,1,0
"446","Italy",2020-02-07,1,1
"447","Italy",2020-02-08,1,0
"448","Italy",2020-02-09,1,0
"449","Italy",2020-02-10,1,0
"450","Italy",2020-02-11,1,0
"451","Italy",2020-02-12,1,0
"452","Italy",2020-02-13,1,0
"453","Italy",2020-02-14,1,0
"454","Italy",2020-02-15,1,0
"455","Italy",2020-02-16,1,0
"456","Italy",2020-02-17,1,0
"457","Italy",2020-02-18,1,0
"458","Italy",2020-02-19,1,0
"459","Italy",2020-02-20,1,0
"460","Italy",2020-02-21,1,1
"461","Italy",2020-02-22,1,1
"462","Italy",2020-02-23,1,1
"463","Italy",2020-02-24,1.59142655555767,6.66380569758948
"464","Italy",2020-02-25,1.58020523899541,1.55532431494971
"465","Italy",2020-02-26,1.36045202695788,1.09614824310938
"466","Italy",2020-02-27,1.43027562496358,1.6181011665523
"467","Italy",2020-02-28,1.41395534047561,1.37493783271013
"468","Italy",2020-02-29,1.36479396157135,1.25163194444444
"469","Italy",2020-03-01,1.39174863989719,1.46106206844885
"470","Italy",2020-03-02,1.42598574384073,1.64651516705995
"471","Italy",2020-03-03,1.41404158847183,1.36921383705723
"472","Italy",2020-03-04,1.39385570264101,1.31961087619606
"473","Italy",2020-03-05,1.38686163361274,1.36347341133419
"474","Italy",2020-03-06,1.36667802566998,1.28050634082513
"475","Italy",2020-03-07,1.37929017507207,1.43988362768318
"476","Italy",2020-03-08,1.36135192415972,1.30107490170992
"477","Italy",2020-03-09,1.38933294061887,1.52527043000314
"478","Italy",2020-03-10,1.36048685017906,1.15980237373616
"479","Italy",2020-03-11,1.37213789203402,1.43176530555598
"480","Italy",2020-03-12,1.36299747749556,1.32751140790697
"481","Italy",2020-03-13,1.33986169485526,1.22624105374129
"482","Italy",2020-03-14,1.33506881658096,1.31358150116661
"483","Italy",2020-03-15,1.31804050550385,1.23124665389002
"484","Italy",2020-03-16,1.3056685107968,1.2283483550828
"485","Italy",2020-03-17,1.29673411924464,1.23567605236395
"486","Italy",2020-03-18,1.27999429809059,1.18180961937129
"487","Italy",2020-03-19,1.26886533024519,1.20540265877843
"488","Italy",2020-03-20,1.25900299541274,1.1989667616241
"489","Italy",2020-03-21,1.26067431016329,1.27447417444133
"490","Italy",2020-03-22,1.24733732911251,1.14964520469955
"491","Italy",2020-03-23,1.2398459803959,1.17113167525932
"492","Italy",2020-03-24,1.23513243393872,1.18637633615068
"493","Italy",2020-03-25,1.22814854179767,1.15250673258646
"494","Italy",2020-03-26,1.2261962223109,1.20421348648235
"495","Italy",2020-03-27,1.22481950331102,1.20797435442795
"496","Italy",2020-03-28,1.22072405382629,1.16837766691037
"497","Italy",2020-03-29,1.21574784268551,1.14335173757928
"498","Italy",2020-03-30,1.2114980943941,1.13255076969974
"499","Italy",2020-03-31,1.20725469369045,1.12900235219147
"500","Italy",2020-04-01,1.20491401061905,1.16099346829154
"501","Italy",2020-04-02,1.20113811787571,1.13192310459957
"502","Italy",2020-04-03,1.19883995324847,1.1495216134353
"503","Italy",2020-04-04,1.19728897626586,1.16935684191264
"504","Italy",2020-04-05,1.19545303163075,1.15329783524202
"505","Italy",2020-04-06,1.19391576445959,1.15142801931412
"506","Italy",2020-04-07,1.19184984869513,1.12515536481374
"507","Italy",2020-04-08,1.190004549017,1.13909306596526
"508","Italy",2020-04-09,1.1890961028852,1.16671936291928
"509","Italy",2020-04-10,1.18796705575969,1.15341482899767
"510","Italy",2020-04-11,1.18720244815513,1.1785592718333
"511","Italy",2020-04-12,1.18694222956352,1.18229380170067
"512","Italy",2020-04-13,1.1872440807884,1.20652877273232
"513","Italy",2020-04-14,1.18686373914033,1.17777905584468
"514","Italy",2020-04-15,1.18626137977942,1.16417590658311
"515","Italy",2020-04-16,1.18474755343315,1.15042812106437
"516","Italy",2020-04-17,1.18395010115578,1.1598595333893
"517","Italy",2020-04-18,1.1838882352156,1.18829677098232
"518","Italy",2020-04-19,1.183049160428,1.1516268106416
"519","Italy",2020-04-20,1.18273049043618,1.16137777589155
"520","Italy",2020-04-21,1.18272156259317,1.19619074525062
"521","Italy",2020-04-22,1.18272962322181,1.19865051202353
"522","Italy",2020-04-23,1.18305266830835,1.21107031878007
"523","Italy",2020-04-24,1.1832056902409,1.20674422811696
"524","Italy",2020-04-25,1.18290470757494,1.18224107538383
"525","Italy",2020-04-26,1.1831306352562,1.21049862098998
"526","Italy",2020-04-27,1.18299309108638,1.1761070406905
"527","Italy",2020-04-28,1.18338196429403,1.22677796783876
"528","Italy",2020-04-29,1.18355407881898,1.2072493517023
"529","Italy",2020-04-30,1.1834510647746,1.18643276535905
"530","Italy",2020-05-01,1.1835918393362,1.20601259962836
"531","Italy",2020-05-02,1.18326708036921,1.17769639889197
"532","Italy",2020-05-03,1.18336388492826,1.20225820379294
"533","Italy",2020-05-04,1.18379419373576,1.27269105156083
"534","Italy",2020-05-05,1.18407508865195,1.25599653866955
"535","Italy",2020-05-06,1.1847012326846,1.30866331980264
"536","Italy",2020-05-07,1.18527932091671,1.30032132651247
"537","Italy",2020-05-08,1.18571661570163,1.27529900410522
"538","Italy",2020-05-09,1.1860305892863,1.26243318847734
"539","Italy",2020-05-10,1.18595634197304,1.17026168991486
"540","Italy",2020-05-11,1.18620783340992,1.28044065787952
"541","Italy",2020-05-12,1.18759609465751,1.55311649752443
"542","Italy",2020-05-13,1.18776734279457,1.24777564726889
"543","Italy",2020-05-14,1.1881984205592,1.31475595083247
"544","Italy",2020-05-15,1.18819620333428,1.19950009718548
"545","Italy",2020-05-16,1.18838992827642,1.24967444897959
"546","Italy",2020-05-17,1.18855040786586,1.2641975308642
"547","Italy",2020-05-18,1.18854918811536,1.19953195903658
"548","Italy",2020-05-19,1.18898324501335,1.35529654189531
"549","Italy",2020-05-20,1.1891465577885,1.26555938718978
"550","Italy",2020-05-21,1.1893548928939,1.28676691802292
"551","Italy",2020-05-22,1.18946753861477,1.24035530129098
"552","Italy",2020-05-23,1.1899677028082,1.45194062932204
"553","Italy",2020-05-24,1.19017834284686,1.31671401364018
"554","Italy",2020-05-25,1.19028004869395,1.28773333333333
"555","Italy",2020-05-26,1.19030960086549,1.23383816914009
"556","Italy",2020-05-27,1.19074179180098,1.45490183430287
"557","Italy",2020-05-28,1.19118657204635,1.44285921472832
"558","Italy",2020-05-29,1.19162139390381,1.49046406465958
"559","Italy",2020-05-30,1.19180508025973,1.33236640162722
"560","Italy",2020-05-31,1.19205506968739,1.43693242792342
"561","Italy",2020-06-01,1.19196041542764,1.1651
"562","Italy",2020-06-02,1.1921515179286,1.38619912187018
"563","Italy",2020-06-03,1.19244916528273,1.55600197979445
"564","Italy",2020-06-04,1.19249398968214,1.27383574324109
"565","Italy",2020-06-05,1.19304452456829,1.61376544774228
"566","Italy",2020-06-06,1.19314666197362,1.31536351165981
"567","Italy",2020-06-07,1.19326864499327,1.42023757375866
"568","Italy",2020-06-08,1.19349487568104,1.49484693877551
"569","Italy",2020-06-09,1.1937125763617,1.47811809362085
"570","Italy",2020-06-10,1.19377334198278,1.28948142338986
"571","Italy",2020-06-11,1.19406280163209,1.46332175353834
"572","Italy",2020-06-12,1.19476497239591,3.89465166171102
"573","Italy",2020-06-13,1.19497600424087,1.39615423168165
"574","Italy",2020-06-14,1.1952815274307,1.53482020937642
"575","Italy",2020-06-15,1.19565316969968,1.74367832584629
"576","Italy",2020-06-16,1.19582521667368,1.4892970521542
"577","Italy",2020-06-17,1.19614232421251,1.56327149018441
"578","Italy",2020-06-18,1.19638297179586,1.44708427268827
"579","Italy",2020-06-19,1.19720718773926,2.20092220598977
"580","Italy",2020-06-20,1.19737912040715,1.41739841597796
"581","Italy",2020-06-21,1.19749203102024,1.35654496173469
"582","Italy",2020-06-22,1.19763549968759,1.43723510984624
"583","Italy",2020-06-23,1.19768490935628,1.34474117002114
"584","Italy",2020-06-24,1.19719453185774,1.48334629906076
"585","Italy",2020-06-25,1.19734455447663,1.36725027392257
"586","Italy",2020-06-26,1.19750150956353,1.40884275278739
"587","Italy",2020-06-27,1.19753090056041,1.2718693877551
"588","Italy",2020-06-28,1.19761137158776,1.34426608534813
"589","Italy",2020-06-29,1.19768500207703,1.41043083900227
"590","Italy",2020-06-30,1.19769733043626,1.2504463400119
"591","Italy",2020-07-01,1.1977962023144,1.38168699432436
"592","Italy",2020-07-02,1.19784618077482,1.27635454567956
"593","Italy",2020-07-03,1.19791220985205,1.29457660520019
"594","Italy",2020-07-04,1.19791641789347,1.23509280217293
"595","Italy",2020-07-05,1.19797896354357,1.29720052083333
"596","Italy",2020-07-06,1.1980529940591,1.34444341715976
"597","Italy",2020-07-07,1.19805545060858,1.23453567052054
"598","Italy",2020-07-08,1.19805831516718,1.22583156594808
"599","Italy",2020-07-09,1.1981431415554,1.34129618307276
"600","Italy",2020-07-10,1.19821426409078,1.29085276202478
"601","Italy",2020-07-11,1.19819871797864,1.20954051607062
"602","Italy",2020-07-12,1.19815898716857,1.22813938198554
"603","Italy",2020-07-13,1.19822547489861,1.34750183817093
"604","Italy",2020-07-14,1.19817572168578,1.15789473684211
"605","Italy",2020-07-15,1.19816691667352,1.20473251028807
"606","Italy",2020-07-16,1.19813484966652,1.19069943289225
"607","Italy",2020-07-17,1.19804374384879,1.17434081070445
"608","Italy",2020-07-18,1.1980047330521,1.18681956742633
"609","Italy",2020-07-19,1.19786346643955,1.1520494907836
"610","Italy",2020-07-20,1.19781632408277,1.19706371191136
"611","Italy",2020-07-21,1.19777007646883,1.143798828125
"612","Italy",2020-07-22,1.19759300270525,1.12505102040816
"613","Switzerland",2020-01-01,0,0
"614","Switzerland",2020-01-02,0,0
"615","Switzerland",2020-01-03,0,0
"616","Switzerland",2020-01-04,0,0
"617","Switzerland",2020-01-05,0,0
"618","Switzerland",2020-01-06,0,0
"619","Switzerland",2020-01-07,0,0
"620","Switzerland",2020-01-08,0,0
"621","Switzerland",2020-01-09,0,0
"622","Switzerland",2020-01-10,0,0
"623","Switzerland",2020-01-11,0,0
"624","Switzerland",2020-01-12,0,0
"625","Switzerland",2020-01-13,0,0
"626","Switzerland",2020-01-14,0,0
"627","Switzerland",2020-01-15,0,0
"628","Switzerland",2020-01-16,0,0
"629","Switzerland",2020-01-17,0,0
"630","Switzerland",2020-01-18,0,0
"631","Switzerland",2020-01-19,0,0
"632","Switzerland",2020-01-20,0,0
"633","Switzerland",2020-01-21,0,0
"634","Switzerland",2020-01-22,0,0
"635","Switzerland",2020-01-23,0,0
"636","Switzerland",2020-01-24,0,0
"637","Switzerland",2020-01-25,0,0
"638","Switzerland",2020-01-26,0,0
"639","Switzerland",2020-01-27,0,0
"640","Switzerland",2020-01-28,0,0
"641","Switzerland",2020-01-29,0,0
"642","Switzerland",2020-01-30,0,0
"643","Switzerland",2020-01-31,0,0
"644","Switzerland",2020-02-01,0,0
"645","Switzerland",2020-02-02,0,0
"646","Switzerland",2020-02-03,0,0
"647","Switzerland",2020-02-04,0,0
"648","Switzerland",2020-02-05,0,0
"649","Switzerland",2020-02-06,0,0
"650","Switzerland",2020-02-07,0,0
"651","Switzerland",2020-02-08,0,0
"652","Switzerland",2020-02-09,0,0
"653","Switzerland",2020-02-10,0,0
"654","Switzerland",2020-02-11,0,0
"655","Switzerland",2020-02-12,0,0
"656","Switzerland",2020-02-13,0,0
"657","Switzerland",2020-02-14,0,0
"658","Switzerland",2020-02-15,0,0
"659","Switzerland",2020-02-16,0,0
"660","Switzerland",2020-02-17,0,0
"661","Switzerland",2020-02-18,0,0
"662","Switzerland",2020-02-19,0,0
"663","Switzerland",2020-02-20,0,0
"664","Switzerland",2020-02-21,0,0
"665","Switzerland",2020-02-22,0,0
"666","Switzerland",2020-02-23,0,0
"667","Switzerland",2020-02-24,0,0
"668","Switzerland",2020-02-25,1,1
"669","Switzerland",2020-02-26,7,0
"670","Switzerland",2020-02-27,1.1875,1.12244897959184
"671","Switzerland",2020-02-28,2.125,0
"672","Switzerland",2020-02-29,1.51234567901235,1.34
"673","Switzerland",2020-03-01,1.28257887517147,1.07407407407407
"674","Switzerland",2020-03-02,1.20294784580499,1.13333333333333
"675","Switzerland",2020-03-03,1.19419642857143,1.30102040816327
"676","Switzerland",2020-03-04,1.12382716049383,1.08650519031142
"677","Switzerland",2020-03-05,1.17120652508464,1.53819444444444
"678","Switzerland",2020-03-06,1.09417853087606,1.0273
"679","Switzerland",2020-03-07,1.10816718645578,1.21536351165981
"680","Switzerland",2020-03-08,1.09527247752468,1.07078344885528
"681","Switzerland",2020-03-09,1.12037089993995,1.55441928414901
"682","Switzerland",2020-03-10,1.16457539167334,1.53364014902476
"683","Switzerland",2020-03-11,1.20574494711882,1.37610431696308
"684","Switzerland",2020-03-12,1.39415060785126,0
"685","Switzerland",2020-03-13,1.22434463020332,1.07580248683428
"686","Switzerland",2020-03-14,1.27777913141128,1.70867768595041
"687","Switzerland",2020-03-15,1.14835454545455,1.02556692460281
"688","Switzerland",2020-03-16,1.2648479338843,0
"689","Switzerland",2020-03-17,1.28797818930041,1.411364
"690","Switzerland",2020-03-18,1.3576665128113,2.28115704937537
"691","Switzerland",2020-03-19,1.27845329519365,1.11043514512287
"692","Switzerland",2020-03-20,1.22770576323012,1.10843891596078
"693","Switzerland",2020-03-21,1.18095891512094,1.0620551006392
"694","Switzerland",2020-03-22,1.1579470860682,1.04652060564142
"695","Switzerland",2020-03-23,1.14869066453011,1.11229592886356
"696","Switzerland",2020-03-24,1.14300418791922,1.11142506688169
"697","Switzerland",2020-03-25,1.14004282922857,1.12037966166859
"698","Switzerland",2020-03-26,1.13983840870908,1.15082906789116
"699","Switzerland",2020-03-27,1.13984697377631,1.16160036675806
"700","Switzerland",2020-03-28,1.13089678864244,1.06076390996613
"701","Switzerland",2020-03-29,1.12656575290317,1.06905357763281
"702","Switzerland",2020-03-30,1.125717377775,1.12486680188072
"703","Switzerland",2020-03-31,1.12936478520662,1.25214528102485
"704","Switzerland",2020-04-01,1.12576380933422,1.08763915186582
"705","Switzerland",2020-04-02,1.12506655517109,1.1364445764128
"706","Switzerland",2020-04-03,1.12641064833592,1.17200716497402
"707","Switzerland",2020-04-04,1.12146193519747,1.04558766940402
"708","Switzerland",2020-04-05,1.11861613395926,1.05015465009533
"709","Switzerland",2020-04-06,1.11966224687213,1.19646155185029
"710","Switzerland",2020-04-07,1.12003779699283,1.15562643574614
"711","Switzerland",2020-04-08,1.11588154552084,1.04728133956685
"712","Switzerland",2020-04-09,1.11387607323101,1.06648935722805
"713","Switzerland",2020-04-10,1.11236229466274,1.06208
"714","Switzerland",2020-04-11,1.11047659895839,1.05567775995031
"715","Switzerland",2020-04-12,1.10977693637961,1.07513914656772
"716","Switzerland",2020-04-13,1.10950061349955,1.08902574836641
"717","Switzerland",2020-04-14,1.11017097149829,1.20956360561915
"718","Switzerland",2020-04-15,1.10947194126903,1.0755
"719","Switzerland",2020-04-16,1.1085644320002,1.0665302009999
"720","Switzerland",2020-04-17,1.10774619683276,1.06510407965518
"721","Switzerland",2020-04-18,1.10700021290603,1.07552034325718
"722","Switzerland",2020-04-19,1.10548330646767,1.03192318594104
"723","Switzerland",2020-04-20,1.10535555948919,1.09390618992695
"724","Switzerland",2020-04-21,1.10578953525631,1.25866817315161
"725","Switzerland",2020-04-22,1.10568067853006,1.11038667459845
"726","Switzerland",2020-04-23,1.10543725578002,1.08904662973223
"727","Switzerland",2020-04-24,1.10526802457145,1.09807392936724
"728","Switzerland",2020-04-25,1.10465312428729,1.05126462655822
"729","Switzerland",2020-04-26,1.10385782468644,1.02309154146796
"730","Switzerland",2020-04-27,1.10404038947091,1.27636912055802
"731","Switzerland",2020-04-28,1.10416984437743,1.1564
"732","Switzerland",2020-04-29,1.10406107335279,1.10504181133552
"733","Switzerland",2020-04-30,1.10352475578289,1.04815704878125
"734","Switzerland",2020-05-01,1.10342029564635,1.08869430124991
"735","Switzerland",2020-05-02,1.10303110007816,1.05500637755102
"736","Switzerland",2020-05-03,1.10275076559805,1.05371900826446
"737","Switzerland",2020-05-04,1.10253093472435,1.05193905817175
"738","Switzerland",2020-05-05,1.10274841725784,1.64923469387755
"739","Switzerland",2020-05-06,1.10295324077947,1.31564782775855
"740","Switzerland",2020-05-07,1.10286095793053,1.09159779614325
"741","Switzerland",2020-05-08,1.10270412445033,1.06736777930194
"742","Switzerland",2020-05-09,1.102712135852,1.13223140495868
"743","Switzerland",2020-05-10,1.10248747043783,1.04458161865569
"744","Switzerland",2020-05-11,1.10250193271126,1.25180802103879
"745","Switzerland",2020-05-12,1.10257112237747,1.26234567901235
"746","Switzerland",2020-05-13,1.10260696536747,1.16712580348944
"747","Switzerland",2020-05-14,1.10249835147437,1.0672
"748","Switzerland",2020-05-15,1.10240077040744,1.08535178777393
"749","Switzerland",2020-05-16,1.10214012371111,1.03804994054697
"750","Switzerland",2020-05-17,1.10212947365261,1.20444444444444
"751","Switzerland",2020-05-18,1.10221183430825,2.53
"752","Switzerland",2020-05-19,1.10219741895352,1.12925170068027
"753","Switzerland",2020-05-20,1.10214962733507,1.1225
"754","Switzerland",2020-05-21,1.10208998214749,1.18364197530864
"755","Switzerland",2020-05-22,1.1021315810693,1.35502958579882
"756","Switzerland",2020-05-23,1.10214274956784,1.21604938271605
"757","Switzerland",2020-05-24,1.10212617317033,1.14876033057851
"758","Switzerland",2020-05-25,1.10210018376533,1.19
"759","Switzerland",2020-05-26,1.10215070361691,1.32888888888889
"760","Switzerland",2020-05-27,1.10214349817956,1.12444444444444
"761","Switzerland",2020-05-28,1.10212722477879,1.12
"762","Switzerland",2020-05-29,1.10207416454592,1.0771484375
"763","Switzerland",2020-05-30,1.10217819734158,3.39792387543253
"764","Switzerland",2020-05-31,1.102104976789,1.03806228373702
"765","Switzerland",2020-06-01,1.10208530538072,2.03703703703704
"766","Switzerland",2020-06-02,1.10218497789659,7
"767","Switzerland",2020-06-03,1.10214750474474,1.09972299168975
"768","Switzerland",2020-06-04,1.10215960736321,1.245
"769","Switzerland",2020-06-05,1.10212187649817,1.1304347826087
"770","Switzerland",2020-06-06,1.10208620137196,1.085
"771","Switzerland",2020-06-07,1.10205691309229,1.18518518518519
"772","Switzerland",2020-06-08,1.10207307995995,2.10204081632653
"773","Switzerland",2020-06-09,1.10201791221239,1.078125
"774","Switzerland",2020-06-10,1.10195025347674,1.0812854442344
"775","Switzerland",2020-06-11,1.10184719321617,1.0633608815427
"776","Switzerland",2020-06-12,1.10189328036676,1.30747922437673
"777","Switzerland",2020-06-13,1.10174152487504,1.04578563995838
"778","Switzerland",2020-06-14,1.10167307565708,1.09073724007561
"779","Switzerland",2020-06-15,1.10171318626552,1.45918367346939
"780","Switzerland",2020-06-16,1.10173852521373,1.27788279773157
"781","Switzerland",2020-06-17,1.10171396509166,1.20385674931129
"782","Switzerland",2020-06-18,1.10170539735371,1.20710059171598
"783","Switzerland",2020-06-19,1.10165113043279,1.11836734693878
"784","Switzerland",2020-06-20,1.10175721246141,2.765625
"785","Switzerland",2020-06-21,1.10151172878873,1.01874219075385
"786","Switzerland",2020-06-22,1.10159924640634,1.60493827160494
"787","Switzerland",2020-06-23,1.10165384756303,1.29338842975207
"788","Switzerland",2020-06-24,1.10168613104538,1.27376033057851
"789","Switzerland",2020-06-25,1.10152317543728,1.07063609467456
"790","Switzerland",2020-06-26,1.10148598008887,1.18103448275862
"791","Switzerland",2020-06-27,1.10119692470165,1.04431842049989
"792","Switzerland",2020-06-28,1.10101562111757,1.06061394380853
"793","Switzerland",2020-06-29,1.10123402975065,1.76979591836735
"794","Switzerland",2020-06-30,1.10134996159728,1.32180020811655
"795","Switzerland",2020-07-01,1.10109627602515,1.17699397943417
"796","Switzerland",2020-07-02,1.10124245293708,1.30462247324614
"797","Switzerland",2020-07-03,1.10091999576416,1.07028291378926
"798","Switzerland",2020-07-04,1.1005252307469,1.02731427356786
"799","Switzerland",2020-07-05,1.10032172583097,1.0530612244898
"800","Switzerland",2020-07-06,1.10049030593912,1.38388411045722
"801","Switzerland",2020-07-07,1.10065846478364,1.38511659807956
"802","Switzerland",2020-07-08,1.10037954834534,1.06748392524488
"803","Switzerland",2020-07-09,1.10028363058678,1.09878615702479
"804","Switzerland",2020-07-10,1.10014534320897,1.08995931952663
"805","Switzerland",2020-07-11,1.09965977061843,1.01984003968008
"806","Switzerland",2020-07-12,1.09955088538556,1.12442607897153
"807","Switzerland",2020-07-13,1.09965291496882,1.33736457545981
"808","Switzerland",2020-07-14,1.09985558121507,1.30428571428571
"809","Switzerland",2020-07-15,1.09980264889656,1.12167125803489
"810","Switzerland",2020-07-16,1.0994980076683,1.05013886133704
"811","Switzerland",2020-07-17,1.09959275346796,1.18974480151229
"812","Switzerland",2020-07-18,1.09933858955342,1.05115702479339
"813","Switzerland",2020-07-19,1.09901571506891,1.03958779716355
"814","Switzerland",2020-07-20,1.09939052635164,1.85451595457004
"815","Switzerland",2020-07-21,1.09954750707953,1.25445816186557
"816","Switzerland",2020-07-22,1.09943345799934,1.10205724058146
