"","country","date","hhi_cumulative_deaths","hhi_new_deaths"
"1","France",2020-01-01,0,0
"2","France",2020-01-02,0,0
"3","France",2020-01-03,0,0
"4","France",2020-01-04,0,0
"5","France",2020-01-05,0,0
"6","France",2020-01-06,0,0
"7","France",2020-01-07,0,0
"8","France",2020-01-08,0,0
"9","France",2020-01-09,0,0
"10","France",2020-01-10,0,0
"11","France",2020-01-11,0,0
"12","France",2020-01-12,0,0
"13","France",2020-01-13,0,0
"14","France",2020-01-14,0,0
"15","France",2020-01-15,0,0
"16","France",2020-01-16,0,0
"17","France",2020-01-17,0,0
"18","France",2020-01-18,0,0
"19","France",2020-01-19,0,0
"20","France",2020-01-20,0,0
"21","France",2020-01-21,0,0
"22","France",2020-01-22,0,0
"23","France",2020-01-23,0,0
"24","France",2020-01-24,0,0
"25","France",2020-01-25,0,0
"26","France",2020-01-26,0,0
"27","France",2020-01-27,0,0
"28","France",2020-01-28,0,0
"29","France",2020-01-29,0,0
"30","France",2020-01-30,0,0
"31","France",2020-01-31,0,0
"32","France",2020-02-01,0,0
"33","France",2020-02-02,0,0
"34","France",2020-02-03,0,0
"35","France",2020-02-04,0,0
"36","France",2020-02-05,0,0
"37","France",2020-02-06,0,0
"38","France",2020-02-07,0,0
"39","France",2020-02-08,0,0
"40","France",2020-02-09,0,0
"41","France",2020-02-10,0,0
"42","France",2020-02-11,0,0
"43","France",2020-02-12,0,0
"44","France",2020-02-13,0,0
"45","France",2020-02-14,0,0
"46","France",2020-02-15,0,0
"47","France",2020-02-16,0,0
"48","France",2020-02-17,0,0
"49","France",2020-02-18,0,0
"50","France",2020-02-19,0,0
"51","France",2020-02-20,0,0
"52","France",2020-02-21,0,0
"53","France",2020-02-22,0,0
"54","France",2020-02-23,0,0
"55","France",2020-02-24,0,0
"56","France",2020-02-25,0,0
"57","France",2020-02-26,0,0
"58","France",2020-02-27,0,0
"59","France",2020-02-28,0,0
"60","France",2020-02-29,0,0
"61","France",2020-03-01,0,0
"62","France",2020-03-02,0,0
"63","France",2020-03-03,0,0
"64","France",2020-03-04,0,0
"65","France",2020-03-05,0,0
"66","France",2020-03-06,0,0
"67","France",2020-03-07,0,0
"68","France",2020-03-08,0,0
"69","France",2020-03-09,0,0
"70","France",2020-03-10,0,0
"71","France",2020-03-11,0,0
"72","France",2020-03-12,0,0
"73","France",2020-03-13,0,0
"74","France",2020-03-14,0,0
"75","France",2020-03-15,0,0
"76","France",2020-03-16,0,0
"77","France",2020-03-17,0,0
"78","France",2020-03-18,0.344499621244003,0.344499621244003
"79","France",2020-03-19,0.260069765919442,0.165726790674186
"80","France",2020-03-20,0.238271604938272,0.225989820873818
"81","France",2020-03-21,0.233907874222714,0.220779220779221
"82","France",2020-03-22,0.232089208460183,0.23265306122449
"83","France",2020-03-23,0.220005408328826,0.192482302246845
"84","France",2020-03-24,0.218510743801653,0.219201388888889
"85","France",2020-03-25,0.220498467722512,0.238884066358025
"86","France",2020-03-26,0.214443251601994,0.202437173216394
"87","France",2020-03-27,0.214159710052073,0.235869844856322
"88","France",2020-03-28,0.21556136074505,0.229980051296666
"89","France",2020-03-29,0.214775925913928,0.23264214674423
"90","France",2020-03-30,0.212865200092383,0.207057988599162
"91","France",2020-03-31,0.214704811953467,0.252709828474584
"92","France",2020-04-01,0.214082233008944,0.217989740660257
"93","France",2020-04-02,0.212003703307524,0.228690819100166
"94","France",2020-04-03,0.212185715557293,0.216715257531584
"95","France",2020-04-04,0.212818772419353,0.226104349525146
"96","France",2020-04-05,0.212610863665305,0.214713336314918
"97","France",2020-04-06,0.21249555036897,0.220736288504884
"98","France",2020-04-07,0.215094080556926,0.257027740601388
"99","France",2020-04-08,0.215932570683298,0.231108271462787
"100","France",2020-04-09,0.217780575803741,0.263090300688095
"101","France",2020-04-10,0.220388757324188,0.269897952534244
"102","France",2020-04-11,0.218335379352696,0.175870615416929
"103","France",2020-04-12,0.218822245679644,0.238251821019771
"104","France",2020-04-13,0.219437791537851,0.254640231677434
"105","France",2020-04-14,0.218972110402718,0.224343226926244
"106","France",2020-04-15,0.218422950995339,0.210919166073673
"107","France",2020-04-16,0.218774621924979,0.237287328970851
"108","France",2020-04-17,0.21948530300416,0.25141900867795
"109","France",2020-04-18,0.219793047814353,0.233229682405507
"110","France",2020-04-19,0.219733263024035,0.218149003473772
"111","France",2020-04-20,0.219326743512911,0.2184887590293
"112","France",2020-04-21,0.218626094789342,0.203132824549807
"113","France",2020-04-22,0.217901125281856,0.199325451577704
"114","France",2020-04-23,0.216766027394246,0.181418719822996
"115","France",2020-04-24,0.216232789790764,0.20638538027412
"116","France",2020-04-25,0.215541712302151,0.175339251096827
"117","France",2020-04-26,0.215490055561928,0.215373961218837
"118","France",2020-04-27,0.214989944253688,0.196047112898592
"119","France",2020-04-28,0.215731853088955,0.295457063711911
"120","France",2020-04-29,0.21589831620444,0.224574967160818
"121","France",2020-04-30,0.215384572344393,0.185207756232687
"122","France",2020-05-01,0.214970859443779,0.181420118343195
"123","France",2020-05-02,0.214775297252738,0.191195737619006
"124","France",2020-05-03,0.214458513577485,0.173177083333333
"125","France",2020-05-04,0.213955117946281,0.188944774678657
"126","France",2020-05-05,0.21315995631029,0.17535977792388
"127","France",2020-05-06,0.212736606783506,0.179290752976475
"128","France",2020-05-07,0.212080248757676,0.159587405972704
"129","France",2020-05-08,0.211708466040212,0.178313448583719
"130","France",2020-05-09,0.211704182980829,0.217797783933518
"131","France",2020-05-10,0.211503784383592,0.178743961352657
"132","France",2020-05-11,0.210779969466574,0.160585784623154
"133","France",2020-05-12,0.210600937703358,0.197587267460957
"134","France",2020-05-13,0.210429897971699,0.189296126613911
"135","France",2020-05-14,0.210071780023126,0.176812743737193
"136","France",2020-05-15,0.209575081975827,0.160011490950876
"137","France",2020-05-16,0.209096230003678,0.148163265306122
"138","France",2020-05-17,0.209051560551804,0.224965706447188
"139","France",2020-05-18,0.208641929557969,0.160949170467314
"140","France",2020-05-19,0.208601373496686,0.21181749315308
"141","France",2020-05-20,0.208340790596525,0.172852352873165
"142","France",2020-05-21,0.208289097194771,0.214527546937519
"143","France",2020-05-22,0.208382809980373,0.235208181154127
"144","France",2020-05-23,0.208123169051302,0.150892374256355
"145","France",2020-05-24,0.208088245668746,0.222857142857143
"146","France",2020-05-25,0.207848434445576,0.176543209876543
"147","France",2020-05-26,0.207922456478263,0.254610350981559
"148","France",2020-05-27,0.20793471909626,0.217041420118343
"149","France",2020-05-28,0.207829398256993,0.197887970615243
"150","France",2020-05-29,0.207562484776603,0.149690943294813
"151","France",2020-05-30,0.208141645230814,0.489689135118498
"152","France",2020-05-31,0.20819090646642,0.26171875
"153","France",2020-06-01,0.20819978352114,0.234131113423517
"154","France",2020-06-02,0.208130953944802,0.205399912904631
"155","France",2020-06-03,0.20819855238174,0.23151958542905
"156","France",2020-06-04,0.208041355292991,0.181818181818182
"157","France",2020-06-05,0.207898652317486,0.224007561436673
"158","France",2020-06-06,0.208157313332228,0.446409989594173
"159","France",2020-06-07,0.208143711013685,0.218934911242604
"160","France",2020-06-08,0.207951540760343,0.167352537722908
"161","France",2020-06-09,0.208199586322136,0.344250622997508
"162","France",2020-06-10,0.208117358191156,0.210059171597633
"163","France",2020-06-11,0.20812753659256,0.263313609467456
"164","France",2020-06-12,0.208180623184098,0.311224489795918
"165","France",2020-06-13,0.208387897336921,0.491735537190083
"166","France",2020-06-14,0.208365029117439,0.209876543209877
"167","France",2020-06-15,0.208380625423061,0.231866825208086
"168","France",2020-06-16,0.208489708503702,0.293885601577909
"169","France",2020-06-17,0.208439092033871,0.24234693877551
"170","France",2020-06-18,0.208239143972329,0.198902606310014
"171","France",2020-06-19,0.208138257507515,0.224489795918367
"172","France",2020-06-20,0.20820956975731,0.3203125
"173","France",2020-06-21,0.208169758050781,0.183673469387755
"174","France",2020-06-22,0.208151506760903,0.206049149338374
"175","France",2020-06-23,0.208276985604242,0.355029585798817
"176","France",2020-06-24,0.208089167123554,0.140495867768595
"177","France",2020-06-25,0.20805016184201,0.197278911564626
"178","France",2020-06-26,0.207871820483549,0.104166666666667
"179","France",2020-06-27,0.207859145716881,0.204081632653061
"180","France",2020-06-28,0.207796444830664,0.155709342560554
"181","France",2020-06-29,0.207746566451284,0.176470588235294
"182","France",2020-06-30,0.207684117167035,0.155709342560554
"183","France",2020-07-01,0.207671669869804,0.204081632653061
"184","France",2020-07-02,0.207678217875101,0.239669421487603
"185","France",2020-07-03,0.207662370032546,0.216049382716049
"186","France",2020-07-04,0.207705797400454,0.333333333333333
"187","France",2020-07-05,0.207672298024242,0.5
"188","France",2020-07-06,0.207620278804774,0.254437869822485
"189","France",2020-07-07,0.207668105987372,0.373702422145329
"190","France",2020-07-08,0.207568145733607,0.40234375
"191","France",2020-07-09,0.207552416224348,0.244897959183673
"192","France",2020-07-10,0.207228889740308,0.2672
"193","France",2020-07-11,0.207190446828938,0.388888888888889
"194","France",2020-07-12,0.207174215567901,1
"195","France",2020-07-13,0.207170050065434,0.253086419753086
"196","France",2020-07-14,0.20715042243703,0.277777777777778
"197","France",2020-07-15,0.207069008296363,0.23
"198","France",2020-07-16,0.207008878324137,0.179012345679012
"199","France",2020-07-17,0.206893925495905,0.193877551020408
"200","France",2020-07-18,0.206847722886009,0.25
"201","France",2020-07-19,0.206835724698043,1
"202","France",2020-07-20,0.206795067664576,0.265625
"203","France",2020-07-21,0.206767575304205,0.242603550295858
"204","France",2020-07-22,0.20670126325608,0.306122448979592
"205","Germany",2020-01-01,0,0
"206","Germany",2020-01-02,0,0
"207","Germany",2020-01-03,0,0
"208","Germany",2020-01-04,0,0
"209","Germany",2020-01-05,0,0
"210","Germany",2020-01-06,0,0
"211","Germany",2020-01-07,0,0
"212","Germany",2020-01-08,0,0
"213","Germany",2020-01-09,0,0
"214","Germany",2020-01-10,0,0
"215","Germany",2020-01-11,0,0
"216","Germany",2020-01-12,0,0
"217","Germany",2020-01-13,0,0
"218","Germany",2020-01-14,0,0
"219","Germany",2020-01-15,0,0
"220","Germany",2020-01-16,0,0
"221","Germany",2020-01-17,0,0
"222","Germany",2020-01-18,0,0
"223","Germany",2020-01-19,0,0
"224","Germany",2020-01-20,0,0
"225","Germany",2020-01-21,0,0
"226","Germany",2020-01-22,0,0
"227","Germany",2020-01-23,0,0
"228","Germany",2020-01-24,0,0
"229","Germany",2020-01-25,0,0
"230","Germany",2020-01-26,0,0
"231","Germany",2020-01-27,0,0
"232","Germany",2020-01-28,0,0
"233","Germany",2020-01-29,0,0
"234","Germany",2020-01-30,0,0
"235","Germany",2020-01-31,0,0
"236","Germany",2020-02-01,0,0
"237","Germany",2020-02-02,0,0
"238","Germany",2020-02-03,0,0
"239","Germany",2020-02-04,0,0
"240","Germany",2020-02-05,0,0
"241","Germany",2020-02-06,0,0
"242","Germany",2020-02-07,0,0
"243","Germany",2020-02-08,0,0
"244","Germany",2020-02-09,0,0
"245","Germany",2020-02-10,0,0
"246","Germany",2020-02-11,0,0
"247","Germany",2020-02-12,0,0
"248","Germany",2020-02-13,0,0
"249","Germany",2020-02-14,0,0
"250","Germany",2020-02-15,0,0
"251","Germany",2020-02-16,0,0
"252","Germany",2020-02-17,0,0
"253","Germany",2020-02-18,0,0
"254","Germany",2020-02-19,0,0
"255","Germany",2020-02-20,0,0
"256","Germany",2020-02-21,0,0
"257","Germany",2020-02-22,0,0
"258","Germany",2020-02-23,0,0
"259","Germany",2020-02-24,0,0
"260","Germany",2020-02-25,0,0
"261","Germany",2020-02-26,0,0
"262","Germany",2020-02-27,0,0
"263","Germany",2020-02-28,0,0
"264","Germany",2020-02-29,0,0
"265","Germany",2020-03-01,0,0
"266","Germany",2020-03-02,0,0
"267","Germany",2020-03-03,0,0
"268","Germany",2020-03-04,0.5,0.5
"269","Germany",2020-03-05,0.333333333333333,1
"270","Germany",2020-03-06,0.306122448979592,0.375
"271","Germany",2020-03-07,0.355371900826446,0.625
"272","Germany",2020-03-08,0.361111111111111,1
"273","Germany",2020-03-09,0.418282548476454,0.591836734693878
"274","Germany",2020-03-10,0.315689981096408,0.625
"275","Germany",2020-03-11,0.313131313131313,0.36
"276","Germany",2020-03-12,0.276937618147448,0.218934911242604
"277","Germany",2020-03-13,0.277315296566077,0.296875
"278","Germany",2020-03-14,0.267697798929209,0.295
"279","Germany",2020-03-15,0.266447018811776,0.28
"280","Germany",2020-03-16,0.267793544010402,0.277777777777778
"281","Germany",2020-03-17,0.261004181429347,0.244834710743802
"282","Germany",2020-03-18,0.249083176942546,0.22314453125
"283","Germany",2020-03-19,0.246234418282549,0.239606953892668
"284","Germany",2020-03-20,0.235375,0.216796875
"285","Germany",2020-03-21,0.226974708649543,0.252376641014034
"286","Germany",2020-03-22,0.224733764235149,0.214335180055402
"287","Germany",2020-03-23,0.221337489143757,0.227961432506887
"288","Germany",2020-03-24,0.212389698399205,0.186262626262626
"289","Germany",2020-03-25,0.203776466528405,0.179881016765819
"290","Germany",2020-03-26,0.2075076691751,0.232336577560517
"291","Germany",2020-03-27,0.197916169291835,0.163189790804732
"292","Germany",2020-03-28,0.200027143451686,0.222489594172737
"293","Germany",2020-03-29,0.199167080026455,0.198916029959728
"294","Germany",2020-03-30,0.194796045080593,0.165695472291824
"295","Germany",2020-03-31,0.195667639729441,0.206570123713724
"296","Germany",2020-04-01,0.195262241194736,0.194661188075621
"297","Germany",2020-04-02,0.194060383389925,0.188178255189432
"298","Germany",2020-04-03,0.188729917575609,0.149835492965117
"299","Germany",2020-04-04,0.188262187972111,0.188704706372345
"300","Germany",2020-04-05,0.187922590314973,0.18953024996981
"301","Germany",2020-04-06,0.185509525476262,0.164090468265466
"302","Germany",2020-04-07,0.182578417291049,0.151009358528452
"303","Germany",2020-04-08,0.182214630529796,0.179492630385488
"304","Germany",2020-04-09,0.180919086512347,0.164615562671193
"305","Germany",2020-04-10,0.18028733834718,0.166420118343195
"306","Germany",2020-04-11,0.180724581597345,0.200415831291305
"307","Germany",2020-04-12,0.180642271155236,0.18441231049333
"308","Germany",2020-04-13,0.179831011121694,0.156751933372992
"309","Germany",2020-04-14,0.179774621305288,0.189546334483629
"310","Germany",2020-04-15,0.179740031767064,0.18141592920354
"311","Germany",2020-04-16,0.179265078320663,0.165308921922679
"312","Germany",2020-04-17,0.178995923522067,0.171639546927729
"313","Germany",2020-04-18,0.178692330924263,0.166723584454614
"314","Germany",2020-04-19,0.179279414901985,0.220195346164895
"315","Germany",2020-04-20,0.178390401968921,0.150462962962963
"316","Germany",2020-04-21,0.177665097365089,0.144120624433907
"317","Germany",2020-04-22,0.177105701970615,0.154070308140616
"318","Germany",2020-04-23,0.17691463625726,0.173305588585018
"319","Germany",2020-04-24,0.176444380141942,0.147675736961451
"320","Germany",2020-04-25,0.176195724719208,0.173529883031565
"321","Germany",2020-04-26,0.176219564216327,0.211734693877551
"322","Germany",2020-04-27,0.175681717466748,0.161431701972243
"323","Germany",2020-04-28,0.175021573689602,0.132831277038936
"324","Germany",2020-04-29,0.174978393507083,0.186440677966102
"325","Germany",2020-04-30,0.174231517464932,0.118079584775087
"326","Germany",2020-05-01,0.174785368964534,0.323456790123457
"327","Germany",2020-05-02,0.174591369495741,0.169550173010381
"328","Germany",2020-05-03,0.174639222891253,0.235555555555556
"329","Germany",2020-05-04,0.174123757954831,0.12625
"330","Germany",2020-05-05,0.173782256055363,0.133585722011898
"331","Germany",2020-05-06,0.173764852682774,0.186061801446417
"332","Germany",2020-05-07,0.173644653848757,0.169270833333333
"333","Germany",2020-05-08,0.173610949856715,0.198412698412698
"334","Germany",2020-05-09,0.173554403066408,0.187145557655955
"335","Germany",2020-05-10,0.173560786431281,0.23469387755102
"336","Germany",2020-05-11,0.173509998930975,0.20226843100189
"337","Germany",2020-05-12,0.173476720453455,0.177777777777778
"338","Germany",2020-05-13,0.173446206784503,0.180473372781065
"339","Germany",2020-05-14,0.173412925246883,0.19
"340","Germany",2020-05-15,0.173336263659549,0.168888888888889
"341","Germany",2020-05-16,0.173290120537071,0.185185185185185
"342","Germany",2020-05-17,0.173202543358125,0.1875
"343","Germany",2020-05-18,0.173239076458561,0.256235827664399
"344","Germany",2020-05-19,0.173014265941636,0.187928669410151
"345","Germany",2020-05-20,0.173064915809298,0.202479338842975
"346","Germany",2020-05-21,0.173038422872119,0.224489795918367
"347","Germany",2020-05-22,0.173020636584519,0.218934911242604
"348","Germany",2020-05-23,0.17295857605779,0.24
"349","Germany",2020-05-24,0.172908810957363,0.44
"350","Germany",2020-05-25,0.172844532621137,0.195266272189349
"351","Germany",2020-05-26,0.172892233697968,0.217777777777778
"352","Germany",2020-05-27,0.172850681322824,0.206611570247934
"353","Germany",2020-05-28,0.172783131394505,0.25
"354","Germany",2020-05-29,0.172692818984033,0.183673469387755
"355","Germany",2020-05-30,0.17256806698601,0.625
"356","Germany",2020-05-31,0.172560016077635,0.5
"357","Germany",2020-06-01,0.172492083279414,0.2
"358","Germany",2020-06-02,0.17246128836321,0.222222222222222
"359","Germany",2020-06-03,0.172437776840953,0.190082644628099
"360","Germany",2020-06-04,0.172439672709163,0.26530612244898
"361","Germany",2020-06-05,0.172372176557179,0.222222222222222
"362","Germany",2020-06-06,0.172370893409351,0.375
"363","Germany",2020-06-07,0.172455091450996,0.625
"364","Germany",2020-06-08,0.172439166204445,0.555555555555556
"365","Germany",2020-06-09,0.172442547369487,1
"366","Germany",2020-06-10,0.172301556583666,0.135802469135802
"367","Germany",2020-06-11,0.172308562641765,1
"368","Germany",2020-06-12,0.172129334610868,0.24
"369","Germany",2020-06-13,0.172132728992366,1
"370","Germany",2020-06-14,0.172113235774259,0.722222222222222
"371","Germany",2020-06-15,0.172123441698106,0.375
"372","Germany",2020-06-16,0.172151378553309,0.32
"373","Germany",2020-06-17,0.172065821470095,0.68
"374","Germany",2020-06-18,0.172069078255325,0.5
"375","Germany",2020-06-19,0.171875954641127,0.388888888888889
"376","Germany",2020-06-20,0.171886876256383,1
"377","Germany",2020-06-21,0.17188710293982,0.333333333333333
"378","Germany",2020-06-22,0.171857163451818,0.5
"379","Germany",2020-06-23,0.171918607769834,0.388888888888889
"380","Germany",2020-06-24,0.171947700857431,0.5
"381","Germany",2020-06-25,0.171938687634397,0.28
"382","Germany",2020-06-26,0.171904953554286,0.375
"383","Germany",2020-06-27,0.171934011770734,0.5
"384","Germany",2020-06-28,0.171934011770734,0
"385","Germany",2020-06-29,0.171814537971865,0.625
"386","Germany",2020-06-30,0.171782136503391,1
"387","Germany",2020-07-01,0.171785613664178,0.25
"388","Germany",2020-07-02,0.171701385927363,0.25
"389","Germany",2020-07-03,0.171694988696368,0.722222222222222
"390","Germany",2020-07-04,0.171701756620847,1
"391","Germany",2020-07-05,0.171652352538701,0.333333333333333
"392","Germany",2020-07-06,0.171595603292046,0.5
"393","Germany",2020-07-07,0.171614027210596,0.625
"394","Germany",2020-07-08,0.171595265729546,0.333333333333333
"395","Germany",2020-07-09,0.171571408913143,0.28
"396","Germany",2020-07-10,0.171547305246429,0.555555555555556
"397","Germany",2020-07-11,0.171547305246429,0
"398","Germany",2020-07-12,0.171547305246429,0
"399","Germany",2020-07-13,0.17155079057005,0.44
"400","Germany",2020-07-14,0.171533019432735,0.5
"401","Germany",2020-07-15,0.171557085416489,0.333333333333333
"402","Germany",2020-07-16,0.171619394388535,0.52
"403","Germany",2020-07-17,0.171490354705095,0.222222222222222
"404","Germany",2020-07-18,0.171490354705095,0
"405","Germany",2020-07-19,0.171494488410435,0.25
"406","Germany",2020-07-20,0.171484462863998,0.375
"407","Germany",2020-07-21,0.17145335867766,0.333333333333333
"408","Germany",2020-07-22,0.171396076781547,0.28125
"409","Italy",2020-01-01,0,0
"410","Italy",2020-01-02,0,0
"411","Italy",2020-01-03,0,0
"412","Italy",2020-01-04,0,0
"413","Italy",2020-01-05,0,0
"414","Italy",2020-01-06,0,0
"415","Italy",2020-01-07,0,0
"416","Italy",2020-01-08,0,0
"417","Italy",2020-01-09,0,0
"418","Italy",2020-01-10,0,0
"419","Italy",2020-01-11,0,0
"420","Italy",2020-01-12,0,0
"421","Italy",2020-01-13,0,0
"422","Italy",2020-01-14,0,0
"423","Italy",2020-01-15,0,0
"424","Italy",2020-01-16,0,0
"425","Italy",2020-01-17,0,0
"426","Italy",2020-01-18,0,0
"427","Italy",2020-01-19,0,0
"428","Italy",2020-01-20,0,0
"429","Italy",2020-01-21,0,0
"430","Italy",2020-01-22,0,0
"431","Italy",2020-01-23,0,0
"432","Italy",2020-01-24,0,0
"433","Italy",2020-01-25,0,0
"434","Italy",2020-01-26,0,0
"435","Italy",2020-01-27,0,0
"436","Italy",2020-01-28,0,0
"437","Italy",2020-01-29,0,0
"438","Italy",2020-01-30,0,0
"439","Italy",2020-01-31,0,0
"440","Italy",2020-02-01,0,0
"441","Italy",2020-02-02,0,0
"442","Italy",2020-02-03,0,0
"443","Italy",2020-02-04,0,0
"444","Italy",2020-02-05,0,0
"445","Italy",2020-02-06,0,0
"446","Italy",2020-02-07,0,0
"447","Italy",2020-02-08,0,0
"448","Italy",2020-02-09,0,0
"449","Italy",2020-02-10,0,0
"450","Italy",2020-02-11,0,0
"451","Italy",2020-02-12,0,0
"452","Italy",2020-02-13,0,0
"453","Italy",2020-02-14,0,0
"454","Italy",2020-02-15,0,0
"455","Italy",2020-02-16,0,0
"456","Italy",2020-02-17,0,0
"457","Italy",2020-02-18,0,0
"458","Italy",2020-02-19,0,0
"459","Italy",2020-02-20,0,0
"460","Italy",2020-02-21,0,0
"461","Italy",2020-02-22,0,0
"462","Italy",2020-02-23,0,0
"463","Italy",2020-02-24,0.755102040816326,0.755102040816326
"464","Italy",2020-02-25,0.82,1
"465","Italy",2020-02-26,0.597222222222222,0.5
"466","Italy",2020-02-27,0.695501730103806,1
"467","Italy",2020-02-28,0.673469387755102,0.625
"468","Italy",2020-02-29,0.652794292508918,0.625
"469","Italy",2020-03-01,0.557093425605536,0.68
"470","Italy",2020-03-02,0.580621301775148,0.635802469135803
"471","Italy",2020-03-03,0.538855952571703,0.467764060356653
"472","Italy",2020-03-04,0.512446501877893,0.451530612244898
"473","Italy",2020-03-05,0.485482103725347,0.424152290303391
"474","Italy",2020-03-06,0.509701357932438,0.594335693461058
"475","Italy",2020-03-07,0.483910184383577,0.378086419753086
"476","Italy",2020-03-08,0.558974588670907,0.727514274407824
"477","Italy",2020-03-09,0.543656032355425,0.492613455202466
"478","Italy",2020-03-10,0.571384439962729,0.656108276643991
"479","Italy",2020-03-11,0.577880160075096,0.600010412328197
"480","Italy",2020-03-12,0.561529124797218,0.495038462638337
"481","Italy",2020-03-13,0.525970650063668,0.405046826222685
"482","Italy",2020-03-14,0.485065680744252,0.262055753732329
"483","Italy",2020-03-15,0.488364899325786,0.50463966301395
"484","Italy",2020-03-16,0.469100491692644,0.380714096974501
"485","Italy",2020-03-17,0.465042170262921,0.440785198864608
"486","Italy",2020-03-18,0.466952088598274,0.478164111876658
"487","Italy",2020-03-19,0.442546144164105,0.294400450862332
"488","Italy",2020-03-20,0.437542847766521,0.411989312831559
"489","Italy",2020-03-21,0.44814629481358,0.511062643080125
"490","Italy",2020-03-22,0.435987475133474,0.352815048639387
"491","Italy",2020-03-23,0.423752317382915,0.322826034052811
"492","Italy",2020-03-24,0.414575222535491,0.343386067393
"493","Italy",2020-03-25,0.396647326207345,0.247933884297521
"494","Italy",2020-03-26,0.395761732091532,0.389849167718286
"495","Italy",2020-03-27,0.391385623554849,0.362077785971692
"496","Italy",2020-03-28,0.392554841764276,0.408574556764832
"497","Italy",2020-03-29,0.388674050177812,0.340806331080682
"498","Italy",2020-03-30,0.38712617644761,0.367434792794669
"499","Italy",2020-03-31,0.377170567250263,0.261180289453076
"500","Italy",2020-04-01,0.376376566509411,0.363454024938871
"501","Italy",2020-04-02,0.37088258345257,0.286983355326463
"502","Italy",2020-04-03,0.36447780923744,0.260354390327418
"503","Italy",2020-04-04,0.361364805892473,0.302260747965148
"504","Italy",2020-04-05,0.358387497370151,0.278140573981784
"505","Italy",2020-04-06,0.354389698921378,0.268852002553265
"506","Italy",2020-04-07,0.351290589817359,0.274292508917955
"507","Italy",2020-04-08,0.347617124251763,0.246781462397792
"508","Italy",2020-04-09,0.345750075695248,0.2976632949333
"509","Italy",2020-04-10,0.340325828462079,0.205436490538625
"510","Italy",2020-04-11,0.337258023657423,0.261917879518606
"511","Italy",2020-04-12,0.331395755429093,0.174277843911921
"512","Italy",2020-04-13,0.330292503224808,0.302870982986768
"513","Italy",2020-04-14,0.326608751627126,0.227882792301063
"514","Italy",2020-04-15,0.323527300409367,0.230588362390816
"515","Italy",2020-04-16,0.321310889332345,0.245777970827254
"516","Italy",2020-04-17,0.319118214100487,0.245474915804586
"517","Italy",2020-04-18,0.317017060707463,0.237399759287057
"518","Italy",2020-04-19,0.314802353061694,0.223562200609668
"519","Italy",2020-04-20,0.31192574956687,0.196838730622514
"520","Italy",2020-04-21,0.309072887915076,0.204669340362448
"521","Italy",2020-04-22,0.306777910183554,0.205073949172342
"522","Italy",2020-04-23,0.30544370320722,0.244465208520051
"523","Italy",2020-04-24,0.303622417549946,0.216095097708396
"524","Italy",2020-04-25,0.302030500053955,0.222593500160887
"525","Italy",2020-04-26,0.299532474972974,0.150076982905033
"526","Italy",2020-04-27,0.298003351212248,0.202148760330578
"527","Italy",2020-04-28,0.295732408833111,0.185109333333333
"528","Italy",2020-04-29,0.293882571278886,0.184965518613978
"529","Italy",2020-04-30,0.29236278572552,0.192369599114733
"530","Italy",2020-05-01,0.290803572744582,0.177786585634386
"531","Italy",2020-05-02,0.293601838281468,0.501823378004967
"532","Italy",2020-05-03,0.2922404731594,0.140518707482993
"533","Italy",2020-05-04,0.291182902587891,0.175351552863134
"534","Italy",2020-05-05,0.290566566802068,0.22666366822211
"535","Italy",2020-05-06,0.2916675664792,0.391915931694502
"536","Italy",2020-05-07,0.291544902205238,0.281273061492842
"537","Italy",2020-05-08,0.290698952807946,0.212777777777778
"538","Italy",2020-05-09,0.290385771246349,0.249375822169723
"539","Italy",2020-05-10,0.289849411640877,0.22046944063405
"540","Italy",2020-05-11,0.289256161520701,0.210507836190111
"541","Italy",2020-05-12,0.288566815316211,0.193702422145329
"542","Italy",2020-05-13,0.287739484346772,0.192209586566054
"543","Italy",2020-05-14,0.287145922140651,0.232011834319527
"544","Italy",2020-05-15,0.287120806356996,0.315278093870906
"545","Italy",2020-05-16,0.286139698561815,0.171527564580501
"546","Italy",2020-05-17,0.286020135397191,0.265350772889417
"547","Italy",2020-05-18,0.285337610208921,0.151187005414411
"548","Italy",2020-05-19,0.284695367365338,0.22578125
"549","Italy",2020-05-20,0.284317023101869,0.240384244435014
"550","Italy",2020-05-21,0.28397214648477,0.228961209730441
"551","Italy",2020-05-22,0.283736953415926,0.236213017751479
"552","Italy",2020-05-23,0.28364428512324,0.264722780810112
"553","Italy",2020-05-24,0.282979841149176,0.142024156601416
"554","Italy",2020-05-25,0.282702410214099,0.206376041540877
"555","Italy",2020-05-26,0.282296210438908,0.163022222222222
"556","Italy",2020-05-27,0.282291430561897,0.290279429250892
"557","Italy",2020-05-28,0.281892236012869,0.15469387755102
"558","Italy",2020-05-29,0.281624901113546,0.221052631578947
"559","Italy",2020-05-30,0.281963717556552,0.419861996680933
"560","Italy",2020-05-31,0.281893503802927,0.26958936718905
"561","Italy",2020-06-01,0.2816059133767,0.175
"562","Italy",2020-06-02,0.281223702979177,0.146090534979424
"563","Italy",2020-06-03,0.281092685805864,0.244594326522515
"564","Italy",2020-06-04,0.280716393716366,0.176041103299081
"565","Italy",2020-06-05,0.280179034461939,0.14878892733564
"566","Italy",2020-06-06,0.279921008128148,0.194444444444444
"567","Italy",2020-06-07,0.279776189331309,0.213243147027412
"568","Italy",2020-06-08,0.279783483730675,0.301301775147929
"569","Italy",2020-06-09,0.27906458707137,0.235699407146291
"570","Italy",2020-06-10,0.279001930561312,0.267605633802817
"571","Italy",2020-06-11,0.278963027728404,0.292986828052688
"572","Italy",2020-06-12,0.279036273590942,0.33394890735611
"573","Italy",2020-06-13,0.278585898661229,0.225838264299803
"574","Italy",2020-06-14,0.278570278282648,0.273760330578512
"575","Italy",2020-06-15,0.278451176796732,0.194444444444444
"576","Italy",2020-06-16,0.278246231819838,0.150519031141869
"577","Italy",2020-06-17,0.278078955674627,0.188750676041103
"578","Italy",2020-06-18,0.278152923227902,0.329660238751148
"579","Italy",2020-06-19,0.278038825867236,0.213610586011342
"580","Italy",2020-06-20,0.27801672372775,0.27030403998334
"581","Italy",2020-06-21,0.278058686343327,0.385416666666667
"582","Italy",2020-06-22,0.277850049125469,0.145557655954631
"583","Italy",2020-06-23,0.277776567773128,0.197530864197531
"584","Italy",2020-06-24,0.277613493264206,0.208888888888889
"585","Italy",2020-06-25,0.277734028782126,0.41358024691358
"586","Italy",2020-06-26,0.277792049900714,0.367419738406659
"587","Italy",2020-06-27,0.277758906765997,0.346938775510204
"588","Italy",2020-06-28,0.277822709572437,0.409090909090909
"589","Italy",2020-06-29,0.277784189537167,0.277777777777778
"590","Italy",2020-06-30,0.277600551153812,0.145557655954631
"591","Italy",2020-07-01,0.277457773610892,0.28125
"592","Italy",2020-07-02,0.277633814406854,0.56718192627824
"593","Italy",2020-07-03,0.277586875714995,0.301775147928994
"594","Italy",2020-07-04,0.277722549719778,0.600907029478458
"595","Italy",2020-07-05,0.277787700849588,0.755102040816326
"596","Italy",2020-07-06,0.277762640850044,0.25
"597","Italy",2020-07-07,0.277714698128003,0.315555555555556
"598","Italy",2020-07-08,0.277818280508483,0.662222222222222
"599","Italy",2020-07-09,0.277788985625984,0.277777777777778
"600","Italy",2020-07-10,0.2777898977855,0.319444444444444
"601","Italy",2020-07-11,0.277802094752643,0.387755102040816
"602","Italy",2020-07-12,0.277885223863845,0.802469135802469
"603","Italy",2020-07-13,0.277941358761322,0.502958579881657
"604","Italy",2020-07-14,0.277807082428846,0.141868512110727
"605","Italy",2020-07-15,0.277772222458329,0.254437869822485
"606","Italy",2020-07-16,0.277758337476432,0.32
"607","Italy",2020-07-17,0.2776959209078,0.173553719008264
"608","Italy",2020-07-18,0.277769763666322,0.540816326530612
"609","Italy",2020-07-19,0.277726206992354,0.333333333333333
"610","Italy",2020-07-20,0.277774275318468,0.443786982248521
"611","Italy",2020-07-21,0.277613283488071,0.146666666666667
"612","Italy",2020-07-22,0.277527664536639,0.308641975308642
"613","Switzerland",2020-01-01,0,0
"614","Switzerland",2020-01-02,0,0
"615","Switzerland",2020-01-03,0,0
"616","Switzerland",2020-01-04,0,0
"617","Switzerland",2020-01-05,0,0
"618","Switzerland",2020-01-06,0,0
"619","Switzerland",2020-01-07,0,0
"620","Switzerland",2020-01-08,0,0
"621","Switzerland",2020-01-09,0,0
"622","Switzerland",2020-01-10,0,0
"623","Switzerland",2020-01-11,0,0
"624","Switzerland",2020-01-12,0,0
"625","Switzerland",2020-01-13,0,0
"626","Switzerland",2020-01-14,0,0
"627","Switzerland",2020-01-15,0,0
"628","Switzerland",2020-01-16,0,0
"629","Switzerland",2020-01-17,0,0
"630","Switzerland",2020-01-18,0,0
"631","Switzerland",2020-01-19,0,0
"632","Switzerland",2020-01-20,0,0
"633","Switzerland",2020-01-21,0,0
"634","Switzerland",2020-01-22,0,0
"635","Switzerland",2020-01-23,0,0
"636","Switzerland",2020-01-24,0,0
"637","Switzerland",2020-01-25,0,0
"638","Switzerland",2020-01-26,0,0
"639","Switzerland",2020-01-27,0,0
"640","Switzerland",2020-01-28,0,0
"641","Switzerland",2020-01-29,0,0
"642","Switzerland",2020-01-30,0,0
"643","Switzerland",2020-01-31,0,0
"644","Switzerland",2020-02-01,0,0
"645","Switzerland",2020-02-02,0,0
"646","Switzerland",2020-02-03,0,0
"647","Switzerland",2020-02-04,0,0
"648","Switzerland",2020-02-05,0,0
"649","Switzerland",2020-02-06,0,0
"650","Switzerland",2020-02-07,0,0
"651","Switzerland",2020-02-08,0,0
"652","Switzerland",2020-02-09,0,0
"653","Switzerland",2020-02-10,0,0
"654","Switzerland",2020-02-11,0,0
"655","Switzerland",2020-02-12,0,0
"656","Switzerland",2020-02-13,0,0
"657","Switzerland",2020-02-14,0,0
"658","Switzerland",2020-02-15,0,0
"659","Switzerland",2020-02-16,0,0
"660","Switzerland",2020-02-17,0,0
"661","Switzerland",2020-02-18,0,0
"662","Switzerland",2020-02-19,0,0
"663","Switzerland",2020-02-20,0,0
"664","Switzerland",2020-02-21,0,0
"665","Switzerland",2020-02-22,0,0
"666","Switzerland",2020-02-23,0,0
"667","Switzerland",2020-02-24,0,0
"668","Switzerland",2020-02-25,0.0416666666666667,0.0416666666666667
"669","Switzerland",2020-02-26,0.0416666666666667,0
"670","Switzerland",2020-02-27,0.0416666666666667,0
"671","Switzerland",2020-02-28,0.0416666666666667,0
"672","Switzerland",2020-02-29,0.0416666666666667,0
"673","Switzerland",2020-03-01,0.0416666666666667,0
"674","Switzerland",2020-03-02,0.0416666666666667,0
"675","Switzerland",2020-03-03,0.0416666666666667,0
"676","Switzerland",2020-03-04,0.0416666666666667,0
"677","Switzerland",2020-03-05,0.0416666666666667,0
"678","Switzerland",2020-03-06,0.0416666666666667,0
"679","Switzerland",2020-03-07,0.0416666666666667,0
"680","Switzerland",2020-03-08,0.0416666666666667,0
"681","Switzerland",2020-03-09,0.0416666666666667,0
"682","Switzerland",2020-03-10,0.0416666666666667,0
"683","Switzerland",2020-03-11,0.0432,1
"684","Switzerland",2020-03-12,0.048469387755102,0.555555555555556
"685","Switzerland",2020-03-13,0.048469387755102,0
"686","Switzerland",2020-03-14,0.060546875,0.5
"687","Switzerland",2020-03-15,0.0731707317073171,0.234567901234568
"688","Switzerland",2020-03-16,0.0902777777777778,0.306122448979592
"689","Switzerland",2020-03-17,0.101508916323731,0.277777777777778
"690","Switzerland",2020-03-18,0.110607205845301,0.209876543209877
"691","Switzerland",2020-03-19,0.104938271604938,0.135802469135802
"692","Switzerland",2020-03-20,0.129017655047533,0.260330578512397
"693","Switzerland",2020-03-21,0.1328125,0.185185185185185
"694","Switzerland",2020-03-22,0.1473388671875,0.3515625
"695","Switzerland",2020-03-23,0.159386068476978,0.251479289940828
"696","Switzerland",2020-03-24,0.152979591836735,0.124716553287982
"697","Switzerland",2020-03-25,0.148616780045351,0.155918367346939
"698","Switzerland",2020-03-26,0.148173779315648,0.200987654320988
"699","Switzerland",2020-03-27,0.143940199100152,0.140432098765432
"700","Switzerland",2020-03-28,0.141872712971513,0.141099577085736
"701","Switzerland",2020-03-29,0.134982819658476,0.112
"702","Switzerland",2020-03-30,0.134804938271605,0.140903686087991
"703","Switzerland",2020-03-31,0.133510606333754,0.130853994490358
"704","Switzerland",2020-04-01,0.131640680145016,0.129266326256383
"705","Switzerland",2020-04-02,0.13351067584045,0.17626953125
"706","Switzerland",2020-04-03,0.136610092450548,0.180865358774523
"707","Switzerland",2020-04-04,0.134073199527745,0.129757785467128
"708","Switzerland",2020-04-05,0.135128255219896,0.156065088757396
"709","Switzerland",2020-04-06,0.136702307897459,0.17207698937087
"710","Switzerland",2020-04-07,0.134970541964741,0.124428916957807
"711","Switzerland",2020-04-08,0.134491528092719,0.143250688705234
"712","Switzerland",2020-04-09,0.134611961552154,0.148668639053254
"713","Switzerland",2020-04-10,0.133483105286226,0.131872356785852
"714","Switzerland",2020-04-11,0.131797355099716,0.134349030470914
"715","Switzerland",2020-04-12,0.131345801795519,0.140903686087991
"716","Switzerland",2020-04-13,0.131372960253389,0.141868512110727
"717","Switzerland",2020-04-14,0.131546630859375,0.15318869165023
"718","Switzerland",2020-04-15,0.130903224901457,0.149752066115702
"719","Switzerland",2020-04-16,0.130607223652146,0.134548611111111
"720","Switzerland",2020-04-17,0.127844987672045,0.128696376509788
"721","Switzerland",2020-04-18,0.127162885318858,0.119571683521713
"722","Switzerland",2020-04-19,0.126942978663561,0.136094674556213
"723","Switzerland",2020-04-20,0.126471760864409,0.128177393185506
"724","Switzerland",2020-04-21,0.125259879190757,0.1032990805841
"725","Switzerland",2020-04-22,0.125050944607923,0.144444444444444
"726","Switzerland",2020-04-23,0.125505478135441,0.184183142559834
"727","Switzerland",2020-04-24,0.124018859541698,0.111111111111111
"728","Switzerland",2020-04-25,0.12466980852001,0.210059171597633
"729","Switzerland",2020-04-26,0.124388513765594,0.135734072022161
"730","Switzerland",2020-04-27,0.124428545459524,0.165
"731","Switzerland",2020-04-28,0.124109362901883,0.137755102040816
"732","Switzerland",2020-04-29,0.124058461001562,0.1875
"733","Switzerland",2020-04-30,0.1237280902538,0.123456790123457
"734","Switzerland",2020-05-01,0.123604111447285,0.171875
"735","Switzerland",2020-05-02,0.123554155885281,0.1875
"736","Switzerland",2020-05-03,0.123435430817207,0.160493827160494
"737","Switzerland",2020-05-04,0.12347840146627,0.36
"738","Switzerland",2020-05-05,0.123194957926475,0.183431952662722
"739","Switzerland",2020-05-06,0.123046016880564,0.222222222222222
"740","Switzerland",2020-05-07,0.122929772004613,0.256198347107438
"741","Switzerland",2020-05-08,0.122637505658669,0.185185185185185
"742","Switzerland",2020-05-09,0.122410930187861,0.194444444444444
"743","Switzerland",2020-05-10,0.122710409344621,0.234567901234568
"744","Switzerland",2020-05-11,0.122617191264505,1
"745","Switzerland",2020-05-12,0.122142886347129,0.5
"746","Switzerland",2020-05-13,0.122072025421573,0.25
"747","Switzerland",2020-05-14,0.122070353689594,0.375
"748","Switzerland",2020-05-15,0.121662636799813,0.28
"749","Switzerland",2020-05-16,0.12144170798017,0.5
"750","Switzerland",2020-05-17,0.12135071879079,0.28
"751","Switzerland",2020-05-18,0.121348945494019,0.375
"752","Switzerland",2020-05-19,0.121349812043881,0.5
"753","Switzerland",2020-05-20,0.121233821118776,1
"754","Switzerland",2020-05-21,0.121166105416325,0.44
"755","Switzerland",2020-05-22,0.12105200765466,0.333333333333333
"756","Switzerland",2020-05-23,0.12111022263929,1
"757","Switzerland",2020-05-24,0.121168782196384,1
"758","Switzerland",2020-05-25,0.121257942648491,0.5
"759","Switzerland",2020-05-26,0.12115749982691,1
"760","Switzerland",2020-05-27,0.120932870709103,0.5
"761","Switzerland",2020-05-28,0.120932870709103,0
"762","Switzerland",2020-05-29,0.120932870709103,0
"763","Switzerland",2020-05-30,0.120859647944101,1
"764","Switzerland",2020-05-31,0.120859647944101,0
"765","Switzerland",2020-06-01,0.120859647944101,0
"766","Switzerland",2020-06-02,0.120859647944101,0
"767","Switzerland",2020-06-03,0.120859647944101,0
"768","Switzerland",2020-06-04,0.120859647944101,0
"769","Switzerland",2020-06-05,0.120859647944101,0
"770","Switzerland",2020-06-06,0.120739319738378,1
"771","Switzerland",2020-06-07,0.12079832042819,1
"772","Switzerland",2020-06-08,0.120700675688935,1
"773","Switzerland",2020-06-09,0.120700675688935,0
"774","Switzerland",2020-06-10,0.12073124066895,1
"775","Switzerland",2020-06-11,0.120627471213617,1
"776","Switzerland",2020-06-12,0.120642909090151,0.5
"777","Switzerland",2020-06-13,0.120642909090151,0
"778","Switzerland",2020-06-14,0.120642909090151,0
"779","Switzerland",2020-06-15,0.120642909090151,0
"780","Switzerland",2020-06-16,0.120739795918367,1
"781","Switzerland",2020-06-17,0.120623187339245,1
"782","Switzerland",2020-06-18,0.120623187339245,0
"783","Switzerland",2020-06-19,0.120623187339245,0
"784","Switzerland",2020-06-20,0.120623187339245,0
"785","Switzerland",2020-06-21,0.120623187339245,0
"786","Switzerland",2020-06-22,0.120641184376581,0.5
"787","Switzerland",2020-06-23,0.120542473276617,1
"788","Switzerland",2020-06-24,0.120542473276617,0
"789","Switzerland",2020-06-25,0.120542473276617,0
"790","Switzerland",2020-06-26,0.120542473276617,0
"791","Switzerland",2020-06-27,0.120542473276617,0
"792","Switzerland",2020-06-28,0.120542473276617,0
"793","Switzerland",2020-06-29,0.120487410083587,1
"794","Switzerland",2020-06-30,0.120487410083587,0
"795","Switzerland",2020-07-01,0.120487410083587,0
"796","Switzerland",2020-07-02,0.120487410083587,0
"797","Switzerland",2020-07-03,0.120487410083587,0
"798","Switzerland",2020-07-04,0.120384791713452,1
"799","Switzerland",2020-07-05,0.120384791713452,0
"800","Switzerland",2020-07-06,0.120384791713452,0
"801","Switzerland",2020-07-07,0.120384791713452,0
"802","Switzerland",2020-07-08,0.12027655909181,1
"803","Switzerland",2020-07-09,0.12027655909181,0
"804","Switzerland",2020-07-10,0.12027655909181,0
"805","Switzerland",2020-07-11,0.12027655909181,0
"806","Switzerland",2020-07-12,0.12027655909181,0
"807","Switzerland",2020-07-13,0.12027655909181,0
"808","Switzerland",2020-07-14,0.12027655909181,0
"809","Switzerland",2020-07-15,0.120223288292041,1
"810","Switzerland",2020-07-16,0.120113375763354,1
"811","Switzerland",2020-07-17,0.120113375763354,0
"812","Switzerland",2020-07-18,0.119882719122481,0.5
"813","Switzerland",2020-07-19,0.119882719122481,0
"814","Switzerland",2020-07-20,0.119830329827738,1
"815","Switzerland",2020-07-21,0.119721526757678,1
"816","Switzerland",2020-07-22,0.119721526757678,0
