all_cases,all_deaths,cases,confirmed_cases,deaths,display_name,first,geoid,hierarchy,last,latest,latest_cases,latest_deaths,length,link,long_name,nyt_abbr,population,recovered,region_type
"[1, 4, 4, 4, 5, 8, 10, 12, 12, 12, 12, 13, 13, 14, 14, 16, 16, 16, 16, 16, 16, 16, 16, 16, 16, 16, 16, 16, 16, 17, 27, 46, 48, 79, 130, 159, 196, 262, 482, 670, 799, 1040, 1176, 1565, 1966, 2369, 3675, 3795, 4838, 6012, 7156, 8198, 10999, 13957, 16662, 18610, 22672, 27436, 31554, 36508, 42288, 48582, 52547, 57298, 61913, 67366, 73522, 79696, 85778, 91714, 95391, 99225, 103228, 108202, 113525, 117658, 120479, 123016, 125098, 127584, 130450, 133830, 137439, 141672, 143457, 145694, 148046, 150383, 152438, 154175, 155193, 156337, 157641, 159119, 160758, 161703, 162496, 163175, 163860, 164807, 166091, 167300, 168551, 169218, 169575, 170508, 171306, 172239, 173152, 173772, 174355, 174697, 174697, 176007, 176752, 177212, 177850, 178281, 178570, 179002, 179364, 179717, 180458, 181196, 181482, 181815, 182028, 182370, 182764, 183271, 183678, 183979, 184193, 184193, 184861, 185416, 185674, 186022, 186269, 186461, 186839, 187184, 187764, 188534, 189135, 189822, 190359, 190862, 191449, 192079, 192556, 193243, 193499, 193761, 194259, 194725, 195228, 195674, 196096, 196335, 196554, 196944, 197341, 197783, 198178, 198556, 198804, 198963, 198963, 199375, 200260, 200843, 201372, 201574, 201823, 201823]","[0, 0, 0, 0, 0, 0, 0, 0, 0, 0, 0, 0, 0, 0, 0, 0, 0, 0, 0, 0, 0, 0, 0, 0, 0, 0, 0, 0, 0, 0, 0, 0, 0, 0, 0, 0, 0, 0, 0, 0, 0, 0, 2, 2, 3, 5, 7, 8, 12, 13, 12, 12, 20, 31, 46, 55, 86, 114, 149, 198, 253, 325, 389, 455, 583, 732, 872, 1017, 1158, 1342, 1434, 1607, 1861, 2107, 2373, 2544, 2673, 2799, 2969, 3254, 3569, 3868, 4110, 4404, 4598, 4879, 5094, 5321, 5500, 5640, 5750, 5913, 6115, 6288, 6481, 6575, 6649, 6692, 6831, 6996, 7119, 7266, 7369, 7395, 7417, 7533, 7634, 7723, 7824, 7881, 7914, 7935, 7935, 8090, 8147, 8174, 8216, 8247, 8257, 8302, 8349, 8411, 8450, 8489, 8500, 8511, 8522, 8551, 8581, 8613, 8646, 8668, 8674, 8674, 8729, 8755, 8763, 8781, 8787, 8791, 8800, 8830, 8856, 8872, 8883, 8882, 8885, 8895, 8914, 8927, 8948, 8954, 8957, 8961, 8973, 8985, 8994, 9003, 9010, 9012, 9016, 9024, 9036, 9048, 9054, 9060, 9063, 9064, 9064, 9068, 9078, 9082, 9083, 9084, 9086, 9086]","[1, 4, 4, 4, 5, 8, 10, 12, 12, 12, 12, 13, 13, 14, 14, 16, 16, 16, 16, 16, 16, 16, 16, 16, 16, 16, 16, 16, 16, 17, 27, 46, 48, 79, 130, 159, 196, 262, 482, 670, 799, 1040, 1176, 1565, 1966, 2369, 3675, 3795, 4838, 6012, 7156, 8198, 10999, 13957, 16662, 18610, 22672, 27436, 31554, 36508, 42288, 48582, 52547, 57298, 61913, 67366, 73522, 79696, 85778, 91714, 95391, 99225, 103228, 108202, 113525, 117658, 120479, 123016, 125098, 127584, 130450, 133830, 137439, 141672, 143457, 145694, 148046, 150383, 152438, 154175, 155193, 156337, 157641, 159119, 160758, 161703, 162496, 163175, 163860, 164807, 166091, 167300, 168551, 169218, 169575, 170508, 171306, 172239, 173152, 173772, 174355, 174697, 174697, 176007, 176752, 177212, 177850, 178281, 178570, 179002, 179364, 179717, 180458, 181196, 181482, 181815, 182028, 182370, 182764, 183271, 183678, 183979, 184193, 184193, 184861, 185416, 185674, 186022, 186269, 186461, 186839, 187184, 187764, 188534, 189135, 189822, 190359, 190862, 191449, 192079, 192556, 193243, 193499, 193761, 194259, 194725, 195228, 195674, 196096, 196335, 196554, 196944, 197341, 197783, 198178, 198556, 198804, 198963, 198963, 199375, 200260, 200843, 201372, 201574, 201823, 201823]","[1, 4, 4, 4, 5, 8, 10, 12, 12, 12, 12, 13, 13, 14, 14, 16, 16, 16, 16, 16, 16, 16, 16, 16, 16, 16, 16, 16, 16, 17, 27, 46, 48, 79, 130, 159, 196, 262, 482, 670, 799, 1040, 1176, 1565, 1966, 2369, 3675, 3795, 4838, 6012, 7156, 8198, 10999, 13957, 16662, 18610, 22672, 27436, 31554, 36508, 42288, 48582, 52547, 57298, 61913, 67366, 73522, 79696, 85778, 91714, 95391, 99225, 103228, 108202, 113525, 117658, 120479, 123016, 125098, 127584, 130450, 133830, 137439, 141672, 143457, 145694, 148046, 150383, 152438, 154175, 155193, 156337, 157641, 159119, 160758, 161703, 162496, 163175, 163860, 164807, 166091, 167300, 168551, 169218, 169575, 170508, 171306, 172239, 173152, 173772, 174355, 174697, 174697, 176007, 176752, 177212, 177850, 178281, 178570, 179002, 179364, 179717, 180458, 181196, 181482, 181815, 182028, 182370, 182764, 183271, 183678, 183979, 184193, 184193, 184861, 185416, 185674, 186022, 186269, 186461, 186839, 187184, 187764, 188534, 189135, 189822, 190359, 190862, 191449, 192079, 192556, 193243, 193499, 193761, 194259, 194725, 195228, 195674, 196096, 196335, 196554, 196944, 197341, 197783, 198178, 198556, 198804, 198963, 198963, 199375, 200260, 200843, 201372, 201574, 201823, 201823]","[0, 0, 0, 0, 0, 0, 0, 0, 0, 0, 0, 0, 0, 0, 0, 0, 0, 0, 0, 0, 0, 0, 0, 0, 0, 0, 0, 0, 0, 0, 0, 0, 0, 0, 0, 0, 0, 0, 0, 0, 0, 0, 2, 2, 3, 5, 7, 8, 12, 13, 12, 12, 20, 31, 46, 55, 86, 114, 149, 198, 253, 325, 389, 455, 583, 732, 872, 1017, 1158, 1342, 1434, 1607, 1861, 2107, 2373, 2544, 2673, 2799, 2969, 3254, 3569, 3868, 4110, 4404, 4598, 4879, 5094, 5321, 5500, 5640, 5750, 5913, 6115, 6288, 6481, 6575, 6649, 6692, 6831, 6996, 7119, 7266, 7369, 7395, 7417, 7533, 7634, 7723, 7824, 7881, 7914, 7935, 7935, 8090, 8147, 8174, 8216, 8247, 8257, 8302, 8349, 8411, 8450, 8489, 8500, 8511, 8522, 8551, 8581, 8613, 8646, 8668, 8674, 8674, 8729, 8755, 8763, 8781, 8787, 8791, 8800, 8830, 8856, 8872, 8883, 8882, 8885, 8895, 8914, 8927, 8948, 8954, 8957, 8961, 8973, 8985, 8994, 9003, 9010, 9012, 9016, 9024, 9036, 9048, 9054, 9060, 9063, 9064, 9064, 9068, 9078, 9082, 9083, 9084, 9086, 9086]",Germany,2020-01-27,DEU,['NYT-World'],2020-07-19,201823,201823,9086,176.0,https://www.nytimes.com/interactive/2020/world/europe/germany-coronavirus-cases.html,,,82927922.0,"[0, 0, 0, 0, 0, 0, 0, 0, 0, 0, 0, 0, 0, 0, 0, 0, 0, 1, 1, 1, 1, 1, 12, 12, 12, 14, 14, 14, 14, 14, 15, 16, 16, 16, 16, 16, 16, 16, 16, 17, 18, 18, 18, 18, 25, 25, 46, 46, 46, 67, 67, 105, 113, 180, 233, 266, 453, 3243, 3547, 5673, 6658, 8481, 8481, 13500, 16100, 18700, 22440, 24575, 26400, 28700, 28700, 36081, 46300, 0, 0, 0, 0, 0, 0, 0, 0, 0, 0, 0, 0, 0, 0, 0, 0, 0, 0, 0, 0, 0, 0, 0, 0, 0, 0, 0, 0, 0, 0, 0, 0, 0, 0, 0, 0, 0, 0, 0, 0, 0, 0, 0, 0, 0, 0, 0, 0, 0, 0, 0, 0, 0, 0, 0, 0, 0, 0, 0, 0, 0, 0, 0, 0, 0, 0, 0, 0, 0, 0, 0, 0, 0, 0, 0, 0, 0, 0, 0, 0, 0, 0, 0, 0, 0, 0, 0, 0, 0, 0, 0, 0, 0, 0, 0, 0, 0, 0, 0, 0, 0, 0, 0]",country
"[23617, 23617, 24078, 24570, 25040, 25438, 25881, 26543, 27258, 28253, 28712, 28898, 29443, 29792, 30169, 30761, 31043, 31196, 31336, 31609, 31609, 32146, 32291, 32411, 32482, 32576, 32762, 32898, 33105, 33287, 33190, 33359, 33518, 33670, 33851, 33893, 33950, 34000, 34000, 34115, 34175, 34174, 34345, 34399, 34431, 34466, 34500, 34129, 34479, 34718, 34718, 34784, 34796, 34813, 34830, 34870, 34898, 34912, 34937, 34937, 34965, 35002, 35057, 35090, 35090, 35090, 35150, 35177, 35218, 35236, 35272, 35272, 35272, 35365, 35409, 35446, 35476, 35530, 35530, 35530, 35620, 35694, 35744, 35771, 35807, 35807, 35807, 35862, 35890, 35942, 35990, 36041, 36041, 36041, 36041, 36162, 36227, 36264, 36342, 36342, 36342, 36342]","[622, 622, 649, 677, 711, 767, 802, 872, 919, 982, 1031, 1063, 1113, 1153, 1189, 1237, 1249, 1269, 1299, 1353, 1353, 1402, 1412, 1421, 1452, 1481, 1497, 1515, 1534, 1542, 1545, 1568, 1594, 1608, 1628, 1644, 1648, 1652, 1652, 1672, 1680, 1680, 1692, 1697, 1698, 1707, 1724, 1724, 1743, 1748, 1748, 1752, 1758, 1760, 1761, 1778, 1790, 1791, 1791, 1791, 1798, 1801, 1802, 1805, 1805, 1805, 1808, 1811, 1816, 1821, 1824, 1824, 1824, 1826, 1826, 1827, 1830, 1829, 1829, 1829, 1830, 1838, 1838, 1839, 1837, 1837, 1837, 1837, 1837, 1838, 1837, 1837, 1837, 1837, 1837, 1838, 1838, 1839, 1838, 1838, 1838, 1838]","[23617, 23617, 24078, 24570, 25040, 25438, 25881, 26543, 27258, 28253, 28712, 28898, 29443, 29792, 30169, 30761, 31043, 31196, 31336, 31609, 31609, 32146, 32291, 32411, 32482, 32576, 32762, 32898, 33105, 33287, 33190, 33359, 33518, 33670, 33851, 33893, 33950, 34000, 34000, 34115, 34175, 34174, 34345, 34399, 34431, 34466, 34500, 34129, 34479, 34718, 34718, 34784, 34796, 34813, 34830, 34870, 34898, 34912, 34937, 34937, 34965, 35002, 35057, 35090, 35090, 35090, 35150, 35177, 35218, 35236, 35272, 35272, 35272, 35365, 35409, 35446, 35476, 35530, 35530, 35530, 35620, 35694, 35744, 35771, 35807, 35807, 35807, 35862, 35890, 35942, 35990, 36041, 36041, 36041, 36041, 36162, 36227, 36264, 36342, 36342, 36342, 36342]","[23617, 23617, 24078, 24570, 25040, 25438, 25881, 26543, 27258, 28253, 28712, 28898, 29443, 29792, 30169, 30761, 31043, 31196, 31336, 31609, 31609, 32146, 32291, 32411, 32482, 32576, 32762, 32898, 33105, 33287, 33190, 33359, 33518, 33670, 33851, 33893, 33950, 34000, 34000, 34115, 34175, 34174, 34345, 34399, 34431, 34466, 34500, 34129, 34479, 34718, 34718, 34784, 34796, 34813, 34830, 34870, 34898, 34912, 34937, 34937, 34965, 35002, 35057, 35090, 35090, 35090, 35150, 35177, 35218, 35236, 35272, 35272, 35272, 35365, 35409, 35446, 35476, 35530, 35530, 35530, 35620, 35694, 35744, 35771, 35807, 35807, 35807, 35862, 35890, 35942, 35990, 36041, 36041, 36041, 36041, 36162, 36227, 36264, 36342, 36342, 36342, 36342]","[622, 622, 649, 677, 711, 767, 802, 872, 919, 982, 1031, 1063, 1113, 1153, 1189, 1237, 1249, 1269, 1299, 1353, 1353, 1402, 1412, 1421, 1452, 1481, 1497, 1515, 1534, 1542, 1545, 1568, 1594, 1608, 1628, 1644, 1648, 1652, 1652, 1672, 1680, 1680, 1692, 1697, 1698, 1707, 1724, 1724, 1743, 1748, 1748, 1752, 1758, 1760, 1761, 1778, 1790, 1791, 1791, 1791, 1798, 1801, 1802, 1805, 1805, 1805, 1808, 1811, 1816, 1821, 1824, 1824, 1824, 1826, 1826, 1827, 1830, 1829, 1829, 1829, 1830, 1838, 1838, 1839, 1837, 1837, 1837, 1837, 1837, 1838, 1837, 1837, 1837, 1837, 1837, 1838, 1838, 1839, 1838, 1838, 1838, 1838]",Baden-WÃ¼rttemberg,2020-04-10,DEU-BW,"['NYT-World', 'DEU']",2020-07-19,36342,36342,1838,102.0,,,,11069533.0,"[0, 0, 0, 0, 0, 0, 0, 0, 0, 0, 0, 0, 0, 0, 0, 0, 0, 0, 0, 0, 0, 0, 0, 0, 0, 0, 0, 0, 0, 0, 0, 0, 0, 0, 0, 0, 0, 0, 0, 0, 0, 0, 0, 0, 0, 0, 0, 0, 0, 0, 0, 0, 0, 0, 0, 0, 0, 0, 0, 0, 0, 0, 0, 0, 0, 0, 0, 0, 0, 0, 0, 0, 0, 0, 0, 0, 0, 0, 0, 0, 0, 0, 0, 0, 0, 0, 0, 0, 0, 0, 0, 0, 0, 0, 0, 0, 0, 0, 0, 0, 0, 0]",state
"[31453, 31453, 32282, 33015, 33569, 34294, 35142, 36027, 36881, 37849, 38310, 38814, 39395, 39939, 40547, 40912, 41070, 41406, 41830, 42080, 42080, 42658, 42792, 42997, 43162, 43371, 43658, 43905, 44169, 44265, 44368, 44593, 44802, 44980, 45143, 45340, 45427, 45507, 45507, 45766, 45929, 46024, 46132, 46206, 46326, 46456, 46458, 46729, 46809, 46854, 46917, 47004, 47029, 47138, 47209, 47268, 47326, 47334, 47371, 47371, 47479, 47536, 47574, 47612, 47626, 47642, 47690, 47710, 47747, 47799, 47827, 47843, 47867, 47894, 47995, 48122, 48202, 48262, 48294, 48344, 48400, 48480, 48547, 48587, 48655, 48665, 48744, 48852, 48953, 49023, 49086, 49184, 49204, 49273, 49273, 49427, 49538, 49631, 49702, 49710, 49775, 49775]","[747, 747, 786, 820, 872, 954, 1049, 1137, 1198, 1286, 1336, 1424, 1476, 1525, 1566, 1596, 1621, 1681, 1754, 1799, 1799, 1885, 1910, 1926, 1949, 2001, 2050, 2114, 2147, 2153, 2155, 2182, 2209, 2229, 2260, 2273, 2283, 2287, 2287, 2339, 2348, 2358, 2367, 2377, 2382, 2401, 2404, 2438, 2441, 2450, 2450, 2451, 2456, 2466, 2479, 2481, 2489, 2501, 2505, 2505, 2531, 2536, 2538, 2540, 2541, 2541, 2540, 2546, 2556, 2562, 2566, 2565, 2567, 2571, 2578, 2583, 2594, 2591, 2592, 2592, 2594, 2594, 2597, 2598, 2600, 2600, 2600, 2606, 2607, 2609, 2610, 2612, 2612, 2612, 2612, 2613, 2613, 2616, 2616, 2616, 2616, 2616]","[31453, 31453, 32282, 33015, 33569, 34294, 35142, 36027, 36881, 37849, 38310, 38814, 39395, 39939, 40547, 40912, 41070, 41406, 41830, 42080, 42080, 42658, 42792, 42997, 43162, 43371, 43658, 43905, 44169, 44265, 44368, 44593, 44802, 44980, 45143, 45340, 45427, 45507, 45507, 45766, 45929, 46024, 46132, 46206, 46326, 46456, 46458, 46729, 46809, 46854, 46917, 47004, 47029, 47138, 47209, 47268, 47326, 47334, 47371, 47371, 47479, 47536, 47574, 47612, 47626, 47642, 47690, 47710, 47747, 47799, 47827, 47843, 47867, 47894, 47995, 48122, 48202, 48262, 48294, 48344, 48400, 48480, 48547, 48587, 48655, 48665, 48744, 48852, 48953, 49023, 49086, 49184, 49204, 49273, 49273, 49427, 49538, 49631, 49702, 49710, 49775, 49775]","[31453, 31453, 32282, 33015, 33569, 34294, 35142, 36027, 36881, 37849, 38310, 38814, 39395, 39939, 40547, 40912, 41070, 41406, 41830, 42080, 42080, 42658, 42792, 42997, 43162, 43371, 43658, 43905, 44169, 44265, 44368, 44593, 44802, 44980, 45143, 45340, 45427, 45507, 45507, 45766, 45929, 46024, 46132, 46206, 46326, 46456, 46458, 46729, 46809, 46854, 46917, 47004, 47029, 47138, 47209, 47268, 47326, 47334, 47371, 47371, 47479, 47536, 47574, 47612, 47626, 47642, 47690, 47710, 47747, 47799, 47827, 47843, 47867, 47894, 47995, 48122, 48202, 48262, 48294, 48344, 48400, 48480, 48547, 48587, 48655, 48665, 48744, 48852, 48953, 49023, 49086, 49184, 49204, 49273, 49273, 49427, 49538, 49631, 49702, 49710, 49775, 49775]","[747, 747, 786, 820, 872, 954, 1049, 1137, 1198, 1286, 1336, 1424, 1476, 1525, 1566, 1596, 1621, 1681, 1754, 1799, 1799, 1885, 1910, 1926, 1949, 2001, 2050, 2114, 2147, 2153, 2155, 2182, 2209, 2229, 2260, 2273, 2283, 2287, 2287, 2339, 2348, 2358, 2367, 2377, 2382, 2401, 2404, 2438, 2441, 2450, 2450, 2451, 2456, 2466, 2479, 2481, 2489, 2501, 2505, 2505, 2531, 2536, 2538, 2540, 2541, 2541, 2540, 2546, 2556, 2562, 2566, 2565, 2567, 2571, 2578, 2583, 2594, 2591, 2592, 2592, 2594, 2594, 2597, 2598, 2600, 2600, 2600, 2606, 2607, 2609, 2610, 2612, 2612, 2612, 2612, 2613, 2613, 2616, 2616, 2616, 2616, 2616]",Bavaria,2020-04-10,DEU-BY,"['NYT-World', 'DEU']",2020-07-19,49775,49775,2616,102.0,,,,13076721.0,"[0, 0, 0, 0, 0, 0, 0, 0, 0, 0, 0, 0, 0, 0, 0, 0, 0, 0, 0, 0, 0, 0, 0, 0, 0, 0, 0, 0, 0, 0, 0, 0, 0, 0, 0, 0, 0, 0, 0, 0, 0, 0, 0, 0, 0, 0, 0, 0, 0, 0, 0, 0, 0, 0, 0, 0, 0, 0, 0, 0, 0, 0, 0, 0, 0, 0, 0, 0, 0, 0, 0, 0, 0, 0, 0, 0, 0, 0, 0, 0, 0, 0, 0, 0, 0, 0, 0, 0, 0, 0, 0, 0, 0, 0, 0, 0, 0, 0, 0, 0, 0, 0]",state
"[4458, 4458, 4567, 4601, 4668, 4722, 4848, 4945, 5066, 5196, 5237, 5312, 5324, 5459, 5525, 5600, 5638, 5669, 5734, 5827, 5827, 5943, 5976, 6010, 6042, 6092, 6149, 6209, 6242, 6261, 6272, 6274, 6298, 6342, 6397, 6428, 6447, 6458, 6458, 6507, 6555, 6585, 6614, 6637, 6642, 6652, 6673, 6703, 6738, 6767, 6800, 6816, 6839, 6874, 6901, 6946, 6964, 6997, 7016, 7016, 7082, 7138, 7165, 7252, 7282, 7322, 7369, 7402, 7475, 7603, 7733, 7804, 7833, 7916, 7975, 8021, 8096, 8145, 8168, 8176, 8220, 8243, 8302, 8345, 8393, 8434, 8451, 8462, 8502, 8537, 8586, 8617, 8637, 8638, 8638, 8674, 8699, 8725, 8748, 8774, 8779, 8779]","[46, 46, 50, 51, 56, 62, 74, 84, 91, 94, 97, 105, 105, 112, 113, 123, 125, 127, 137, 147, 147, 152, 154, 154, 154, 159, 162, 163, 164, 165, 165, 165, 170, 173, 177, 181, 182, 180, 180, 186, 186, 190, 190, 191, 191, 191, 193, 195, 196, 197, 198, 198, 198, 198, 200, 200, 201, 205, 205, 205, 206, 208, 208, 208, 208, 208, 208, 209, 210, 211, 211, 211, 211, 211, 211, 212, 212, 213, 213, 213, 214, 214, 214, 214, 214, 215, 215, 215, 215, 216, 216, 216, 217, 217, 217, 220, 221, 221, 221, 221, 221, 221]","[4458, 4458, 4567, 4601, 4668, 4722, 4848, 4945, 5066, 5196, 5237, 5312, 5324, 5459, 5525, 5600, 5638, 5669, 5734, 5827, 5827, 5943, 5976, 6010, 6042, 6092, 6149, 6209, 6242, 6261, 6272, 6274, 6298, 6342, 6397, 6428, 6447, 6458, 6458, 6507, 6555, 6585, 6614, 6637, 6642, 6652, 6673, 6703, 6738, 6767, 6800, 6816, 6839, 6874, 6901, 6946, 6964, 6997, 7016, 7016, 7082, 7138, 7165, 7252, 7282, 7322, 7369, 7402, 7475, 7603, 7733, 7804, 7833, 7916, 7975, 8021, 8096, 8145, 8168, 8176, 8220, 8243, 8302, 8345, 8393, 8434, 8451, 8462, 8502, 8537, 8586, 8617, 8637, 8638, 8638, 8674, 8699, 8725, 8748, 8774, 8779, 8779]","[4458, 4458, 4567, 4601, 4668, 4722, 4848, 4945, 5066, 5196, 5237, 5312, 5324, 5459, 5525, 5600, 5638, 5669, 5734, 5827, 5827, 5943, 5976, 6010, 6042, 6092, 6149, 6209, 6242, 6261, 6272, 6274, 6298, 6342, 6397, 6428, 6447, 6458, 6458, 6507, 6555, 6585, 6614, 6637, 6642, 6652, 6673, 6703, 6738, 6767, 6800, 6816, 6839, 6874, 6901, 6946, 6964, 6997, 7016, 7016, 7082, 7138, 7165, 7252, 7282, 7322, 7369, 7402, 7475, 7603, 7733, 7804, 7833, 7916, 7975, 8021, 8096, 8145, 8168, 8176, 8220, 8243, 8302, 8345, 8393, 8434, 8451, 8462, 8502, 8537, 8586, 8617, 8637, 8638, 8638, 8674, 8699, 8725, 8748, 8774, 8779, 8779]","[46, 46, 50, 51, 56, 62, 74, 84, 91, 94, 97, 105, 105, 112, 113, 123, 125, 127, 137, 147, 147, 152, 154, 154, 154, 159, 162, 163, 164, 165, 165, 165, 170, 173, 177, 181, 182, 180, 180, 186, 186, 190, 190, 191, 191, 191, 193, 195, 196, 197, 198, 198, 198, 198, 200, 200, 201, 205, 205, 205, 206, 208, 208, 208, 208, 208, 208, 209, 210, 211, 211, 211, 211, 211, 211, 212, 212, 213, 213, 213, 214, 214, 214, 214, 214, 215, 215, 215, 215, 216, 216, 216, 217, 217, 217, 220, 221, 221, 221, 221, 221, 221]",Berlin,2020-04-10,DEU-BE,"['NYT-World', 'DEU']",2020-07-19,8779,8779,221,102.0,,,,3644826.0,"[0, 0, 0, 0, 0, 0, 0, 0, 0, 0, 0, 0, 0, 0, 0, 0, 0, 0, 0, 0, 0, 0, 0, 0, 0, 0, 0, 0, 0, 0, 0, 0, 0, 0, 0, 0, 0, 0, 0, 0, 0, 0, 0, 0, 0, 0, 0, 0, 0, 0, 0, 0, 0, 0, 0, 0, 0, 0, 0, 0, 0, 0, 0, 0, 0, 0, 0, 0, 0, 0, 0, 0, 0, 0, 0, 0, 0, 0, 0, 0, 0, 0, 0, 0, 0, 0, 0, 0, 0, 0, 0, 0, 0, 0, 0, 0, 0, 0, 0, 0, 0, 0]",state
"[1764, 1764, 1857, 1880, 1916, 1950, 2058, 2120, 2161, 2238, 2275, 2389, 2447, 2536, 2627, 2694, 2721, 2747, 2768, 2831, 2831, 2886, 2905, 2914, 2940, 2969, 2999, 3037, 3098, 3101, 3106, 3111, 3125, 3135, 3158, 3169, 3171, 3172, 3172, 3193, 3205, 3211, 3213, 3214, 3214, 3236, 3246, 3261, 3271, 3266, 3271, 3273, 3274, 3273, 3280, 3288, 3294, 3297, 3304, 3304, 3309, 3352, 3306, 3326, 3326, 3329, 3334, 3362, 3365, 3374, 3383, 3388, 3394, 3407, 3413, 3428, 3437, 3437, 3417, 3419, 3429, 3440, 3443, 3450, 3459, 3460, 3464, 3468, 3476, 3483, 3452, 3459, 3462, 3462, 3462, 3465, 3466, 3470, 3476, 3476, 3483, 3483]","[37, 37, 38, 38, 40, 42, 54, 60, 62, 66, 67, 74, 84, 90, 97, 100, 100, 106, 109, 113, 113, 122, 122, 122, 123, 127, 129, 131, 133, 134, 134, 136, 137, 138, 148, 149, 149, 149, 149, 151, 151, 152, 154, 154, 154, 154, 154, 155, 155, 155, 155, 155, 155, 156, 156, 156, 158, 158, 160, 160, 160, 161, 161, 163, 163, 163, 163, 163, 163, 163, 163, 163, 163, 164, 164, 165, 165, 165, 165, 165, 165, 165, 165, 166, 167, 167, 168, 168, 168, 168, 168, 168, 168, 168, 168, 167, 167, 167, 167, 167, 167, 167]","[1764, 1764, 1857, 1880, 1916, 1950, 2058, 2120, 2161, 2238, 2275, 2389, 2447, 2536, 2627, 2694, 2721, 2747, 2768, 2831, 2831, 2886, 2905, 2914, 2940, 2969, 2999, 3037, 3098, 3101, 3106, 3111, 3125, 3135, 3158, 3169, 3171, 3172, 3172, 3193, 3205, 3211, 3213, 3214, 3214, 3236, 3246, 3261, 3271, 3266, 3271, 3273, 3274, 3273, 3280, 3288, 3294, 3297, 3304, 3304, 3309, 3352, 3306, 3326, 3326, 3329, 3334, 3362, 3365, 3374, 3383, 3388, 3394, 3407, 3413, 3428, 3437, 3437, 3417, 3419, 3429, 3440, 3443, 3450, 3459, 3460, 3464, 3468, 3476, 3483, 3452, 3459, 3462, 3462, 3462, 3465, 3466, 3470, 3476, 3476, 3483, 3483]","[1764, 1764, 1857, 1880, 1916, 1950, 2058, 2120, 2161, 2238, 2275, 2389, 2447, 2536, 2627, 2694, 2721, 2747, 2768, 2831, 2831, 2886, 2905, 2914, 2940, 2969, 2999, 3037, 3098, 3101, 3106, 3111, 3125, 3135, 3158, 3169, 3171, 3172, 3172, 3193, 3205, 3211, 3213, 3214, 3214, 3236, 3246, 3261, 3271, 3266, 3271, 3273, 3274, 3273, 3280, 3288, 3294, 3297, 3304, 3304, 3309, 3352, 3306, 3326, 3326, 3329, 3334, 3362, 3365, 3374, 3383, 3388, 3394, 3407, 3413, 3428, 3437, 3437, 3417, 3419, 3429, 3440, 3443, 3450, 3459, 3460, 3464, 3468, 3476, 3483, 3452, 3459, 3462, 3462, 3462, 3465, 3466, 3470, 3476, 3476, 3483, 3483]","[37, 37, 38, 38, 40, 42, 54, 60, 62, 66, 67, 74, 84, 90, 97, 100, 100, 106, 109, 113, 113, 122, 122, 122, 123, 127, 129, 131, 133, 134, 134, 136, 137, 138, 148, 149, 149, 149, 149, 151, 151, 152, 154, 154, 154, 154, 154, 155, 155, 155, 155, 155, 155, 156, 156, 156, 158, 158, 160, 160, 160, 161, 161, 163, 163, 163, 163, 163, 163, 163, 163, 163, 163, 164, 164, 165, 165, 165, 165, 165, 165, 165, 165, 166, 167, 167, 168, 168, 168, 168, 168, 168, 168, 168, 168, 167, 167, 167, 167, 167, 167, 167]",Brandenburg,2020-04-10,DEU-BB,"['NYT-World', 'DEU']",2020-07-19,3483,3483,167,102.0,,,,2511917.0,"[0, 0, 0, 0, 0, 0, 0, 0, 0, 0, 0, 0, 0, 0, 0, 0, 0, 0, 0, 0, 0, 0, 0, 0, 0, 0, 0, 0, 0, 0, 0, 0, 0, 0, 0, 0, 0, 0, 0, 0, 0, 0, 0, 0, 0, 0, 0, 0, 0, 0, 0, 0, 0, 0, 0, 0, 0, 0, 0, 0, 0, 0, 0, 0, 0, 0, 0, 0, 0, 0, 0, 0, 0, 0, 0, 0, 0, 0, 0, 0, 0, 0, 0, 0, 0, 0, 0, 0, 0, 0, 0, 0, 0, 0, 0, 0, 0, 0, 0, 0, 0, 0]",state
"[469, 469, 480, 486, 492, 500, 507, 556, 567, 604, 609, 624, 672, 707, 719, 739, 754, 759, 797, 827, 827, 871, 875, 893, 895, 916, 963, 997, 1024, 1043, 1055, 1058, 1077, 1104, 1129, 1150, 1164, 1171, 1171, 1256, 1273, 1291, 1296, 1299, 1312, 1313, 1322, 1348, 1372, 1398, 1398, 1398, 1436, 1447, 1462, 1498, 1513, 1517, 1531, 1531, 1547, 1565, 1573, 1581, 1589, 1592, 1593, 1607, 1619, 1626, 1636, 1645, 1648, 1654, 1653, 1653, 1658, 1659, 1661, 1661, 1662, 1667, 1670, 1675, 1675, 1678, 1679, 1679, 1679, 1684, 1688, 1689, 1689, 1690, 1690, 1691, 1697, 1701, 1709, 1718, 1720, 1720]","[15, 15, 15, 17, 20, 21, 21, 22, 24, 25, 25, 26, 27, 27, 27, 27, 27, 27, 29, 29, 29, 30, 30, 30, 31, 31, 32, 32, 32, 32, 34, 35, 36, 37, 37, 37, 37, 38, 38, 38, 39, 39, 41, 41, 41, 42, 42, 41, 41, 42, 42, 42, 42, 43, 44, 44, 44, 44, 44, 44, 43, 43, 45, 45, 46, 48, 48, 49, 49, 49, 49, 49, 49, 49, 49, 49, 49, 50, 50, 50, 53, 53, 53, 53, 53, 53, 54, 54, 54, 54, 54, 55, 55, 55, 55, 55, 55, 55, 55, 55, 55, 55]","[469, 469, 480, 486, 492, 500, 507, 556, 567, 604, 609, 624, 672, 707, 719, 739, 754, 759, 797, 827, 827, 871, 875, 893, 895, 916, 963, 997, 1024, 1043, 1055, 1058, 1077, 1104, 1129, 1150, 1164, 1171, 1171, 1256, 1273, 1291, 1296, 1299, 1312, 1313, 1322, 1348, 1372, 1398, 1398, 1398, 1436, 1447, 1462, 1498, 1513, 1517, 1531, 1531, 1547, 1565, 1573, 1581, 1589, 1592, 1593, 1607, 1619, 1626, 1636, 1645, 1648, 1654, 1653, 1653, 1658, 1659, 1661, 1661, 1662, 1667, 1670, 1675, 1675, 1678, 1679, 1679, 1679, 1684, 1688, 1689, 1689, 1690, 1690, 1691, 1697, 1701, 1709, 1718, 1720, 1720]","[469, 469, 480, 486, 492, 500, 507, 556, 567, 604, 609, 624, 672, 707, 719, 739, 754, 759, 797, 827, 827, 871, 875, 893, 895, 916, 963, 997, 1024, 1043, 1055, 1058, 1077, 1104, 1129, 1150, 1164, 1171, 1171, 1256, 1273, 1291, 1296, 1299, 1312, 1313, 1322, 1348, 1372, 1398, 1398, 1398, 1436, 1447, 1462, 1498, 1513, 1517, 1531, 1531, 1547, 1565, 1573, 1581, 1589, 1592, 1593, 1607, 1619, 1626, 1636, 1645, 1648, 1654, 1653, 1653, 1658, 1659, 1661, 1661, 1662, 1667, 1670, 1675, 1675, 1678, 1679, 1679, 1679, 1684, 1688, 1689, 1689, 1690, 1690, 1691, 1697, 1701, 1709, 1718, 1720, 1720]","[15, 15, 15, 17, 20, 21, 21, 22, 24, 25, 25, 26, 27, 27, 27, 27, 27, 27, 29, 29, 29, 30, 30, 30, 31, 31, 32, 32, 32, 32, 34, 35, 36, 37, 37, 37, 37, 38, 38, 38, 39, 39, 41, 41, 41, 42, 42, 41, 41, 42, 42, 42, 42, 43, 44, 44, 44, 44, 44, 44, 43, 43, 45, 45, 46, 48, 48, 49, 49, 49, 49, 49, 49, 49, 49, 49, 49, 50, 50, 50, 53, 53, 53, 53, 53, 53, 54, 54, 54, 54, 54, 55, 55, 55, 55, 55, 55, 55, 55, 55, 55, 55]",Bremen,2020-04-10,DEU-HB,"['NYT-World', 'DEU']",2020-07-19,1720,1720,55,102.0,,,,682986.0,"[0, 0, 0, 0, 0, 0, 0, 0, 0, 0, 0, 0, 0, 0, 0, 0, 0, 0, 0, 0, 0, 0, 0, 0, 0, 0, 0, 0, 0, 0, 0, 0, 0, 0, 0, 0, 0, 0, 0, 0, 0, 0, 0, 0, 0, 0, 0, 0, 0, 0, 0, 0, 0, 0, 0, 0, 0, 0, 0, 0, 0, 0, 0, 0, 0, 0, 0, 0, 0, 0, 0, 0, 0, 0, 0, 0, 0, 0, 0, 0, 0, 0, 0, 0, 0, 0, 0, 0, 0, 0, 0, 0, 0, 0, 0, 0, 0, 0, 0, 0, 0, 0]",state
"[3663, 3663, 3742, 3770, 3808, 3869, 3953, 4005, 4118, 4185, 4204, 4204, 4286, 4358, 4400, 4429, 4475, 4505, 4525, 4562, 4562, 4609, 4631, 4636, 4644, 4664, 4704, 4753, 4772, 4772, 4780, 4960, 4972, 4976, 4981, 5017, 5029, 5037, 5037, 5042, 5053, 5059, 5063, 5066, 5069, 5069, 5072, 5076, 5078, 5082, 5087, 5089, 5098, 5098, 5096, 5107, 5111, 5113, 5115, 5115, 5121, 5125, 5134, 5139, 5139, 5144, 5147, 5149, 5154, 5156, 5160, 5163, 5170, 5170, 5175, 5175, 5173, 5178, 5178, 5194, 5201, 5204, 5211, 5212, 5217, 5220, 5220, 5223, 5224, 5230, 5231, 5230, 5230, 5231, 5231, 5231, 5233, 5232, 5237, 5240, 5240, 5240]","[56, 56, 56, 56, 59, 67, 80, 84, 90, 91, 91, 91, 113, 122, 139, 140, 142, 142, 153, 155, 155, 163, 164, 166, 172, 190, 194, 201, 204, 204, 204, 216, 223, 228, 228, 231, 232, 232, 232, 236, 239, 240, 240, 241, 241, 241, 242, 245, 246, 246, 252, 253, 253, 253, 253, 253, 254, 254, 254, 254, 254, 254, 254, 255, 255, 255, 255, 257, 259, 259, 259, 259, 259, 259, 259, 259, 259, 259, 259, 259, 259, 259, 260, 260, 260, 261, 261, 261, 261, 261, 261, 261, 261, 261, 261, 261, 261, 260, 261, 261, 261, 261]","[3663, 3663, 3742, 3770, 3808, 3869, 3953, 4005, 4118, 4185, 4204, 4204, 4286, 4358, 4400, 4429, 4475, 4505, 4525, 4562, 4562, 4609, 4631, 4636, 4644, 4664, 4704, 4753, 4772, 4772, 4780, 4960, 4972, 4976, 4981, 5017, 5029, 5037, 5037, 5042, 5053, 5059, 5063, 5066, 5069, 5069, 5072, 5076, 5078, 5082, 5087, 5089, 5098, 5098, 5096, 5107, 5111, 5113, 5115, 5115, 5121, 5125, 5134, 5139, 5139, 5144, 5147, 5149, 5154, 5156, 5160, 5163, 5170, 5170, 5175, 5175, 5173, 5178, 5178, 5194, 5201, 5204, 5211, 5212, 5217, 5220, 5220, 5223, 5224, 5230, 5231, 5230, 5230, 5231, 5231, 5231, 5233, 5232, 5237, 5240, 5240, 5240]","[3663, 3663, 3742, 3770, 3808, 3869, 3953, 4005, 4118, 4185, 4204, 4204, 4286, 4358, 4400, 4429, 4475, 4505, 4525, 4562, 4562, 4609, 4631, 4636, 4644, 4664, 4704, 4753, 4772, 4772, 4780, 4960, 4972, 4976, 4981, 5017, 5029, 5037, 5037, 5042, 5053, 5059, 5063, 5066, 5069, 5069, 5072, 5076, 5078, 5082, 5087, 5089, 5098, 5098, 5096, 5107, 5111, 5113, 5115, 5115, 5121, 5125, 5134, 5139, 5139, 5144, 5147, 5149, 5154, 5156, 5160, 5163, 5170, 5170, 5175, 5175, 5173, 5178, 5178, 5194, 5201, 5204, 5211, 5212, 5217, 5220, 5220, 5223, 5224, 5230, 5231, 5230, 5230, 5231, 5231, 5231, 5233, 5232, 5237, 5240, 5240, 5240]","[56, 56, 56, 56, 59, 67, 80, 84, 90, 91, 91, 91, 113, 122, 139, 140, 142, 142, 153, 155, 155, 163, 164, 166, 172, 190, 194, 201, 204, 204, 204, 216, 223, 228, 228, 231, 232, 232, 232, 236, 239, 240, 240, 241, 241, 241, 242, 245, 246, 246, 252, 253, 253, 253, 253, 253, 254, 254, 254, 254, 254, 254, 254, 255, 255, 255, 255, 257, 259, 259, 259, 259, 259, 259, 259, 259, 259, 259, 259, 259, 259, 259, 260, 260, 260, 261, 261, 261, 261, 261, 261, 261, 261, 261, 261, 261, 261, 260, 261, 261, 261, 261]",Hamburg,2020-04-10,DEU-HH,"['NYT-World', 'DEU']",2020-07-19,5240,5240,261,102.0,,,,1841179.0,"[0, 0, 0, 0, 0, 0, 0, 0, 0, 0, 0, 0, 0, 0, 0, 0, 0, 0, 0, 0, 0, 0, 0, 0, 0, 0, 0, 0, 0, 0, 0, 0, 0, 0, 0, 0, 0, 0, 0, 0, 0, 0, 0, 0, 0, 0, 0, 0, 0, 0, 0, 0, 0, 0, 0, 0, 0, 0, 0, 0, 0, 0, 0, 0, 0, 0, 0, 0, 0, 0, 0, 0, 0, 0, 0, 0, 0, 0, 0, 0, 0, 0, 0, 0, 0, 0, 0, 0, 0, 0, 0, 0, 0, 0, 0, 0, 0, 0, 0, 0, 0, 0]",state
"[5808, 5808, 5859, 6114, 6183, 6347, 6470, 6705, 6916, 7177, 7231, 7380, 7593, 7712, 7837, 7946, 7979, 8026, 8184, 8304, 8304, 8486, 8524, 8549, 8585, 8642, 8736, 8850, 8916, 8998, 9012, 9031, 9087, 9169, 9204, 9261, 9317, 9337, 9337, 9483, 9574, 9656, 9670, 9762, 9770, 9804, 9860, 9915, 9962, 10003, 10033, 10047, 10060, 10080, 10129, 10163, 10171, 10203, 10207, 10207, 10256, 10296, 10313, 10321, 10324, 10324, 10371, 10386, 10440, 10503, 10556, 10575, 10578, 10613, 10645, 10666, 10707, 10731, 10761, 10762, 10795, 10811, 10869, 10894, 10918, 10939, 10955, 10985, 11012, 11062, 11104, 11122, 11162, 11169, 11169, 11217, 11283, 11324, 11371, 11386, 11409, 11409]","[120, 120, 123, 135, 147, 173, 187, 197, 212, 240, 251, 265, 286, 296, 305, 315, 320, 333, 346, 353, 353, 364, 370, 372, 381, 386, 396, 403, 408, 411, 412, 415, 419, 423, 429, 432, 435, 439, 439, 446, 451, 457, 458, 460, 460, 462, 466, 471, 476, 476, 477, 480, 480, 480, 482, 482, 483, 484, 484, 484, 485, 489, 489, 491, 491, 491, 495, 496, 498, 499, 500, 500, 501, 501, 503, 505, 505, 506, 506, 506, 508, 507, 507, 509, 511, 512, 512, 512, 512, 514, 514, 514, 514, 514, 514, 514, 514, 514, 514, 514, 514, 514]","[5808, 5808, 5859, 6114, 6183, 6347, 6470, 6705, 6916, 7177, 7231, 7380, 7593, 7712, 7837, 7946, 7979, 8026, 8184, 8304, 8304, 8486, 8524, 8549, 8585, 8642, 8736, 8850, 8916, 8998, 9012, 9031, 9087, 9169, 9204, 9261, 9317, 9337, 9337, 9483, 9574, 9656, 9670, 9762, 9770, 9804, 9860, 9915, 9962, 10003, 10033, 10047, 10060, 10080, 10129, 10163, 10171, 10203, 10207, 10207, 10256, 10296, 10313, 10321, 10324, 10324, 10371, 10386, 10440, 10503, 10556, 10575, 10578, 10613, 10645, 10666, 10707, 10731, 10761, 10762, 10795, 10811, 10869, 10894, 10918, 10939, 10955, 10985, 11012, 11062, 11104, 11122, 11162, 11169, 11169, 11217, 11283, 11324, 11371, 11386, 11409, 11409]","[5808, 5808, 5859, 6114, 6183, 6347, 6470, 6705, 6916, 7177, 7231, 7380, 7593, 7712, 7837, 7946, 7979, 8026, 8184, 8304, 8304, 8486, 8524, 8549, 8585, 8642, 8736, 8850, 8916, 8998, 9012, 9031, 9087, 9169, 9204, 9261, 9317, 9337, 9337, 9483, 9574, 9656, 9670, 9762, 9770, 9804, 9860, 9915, 9962, 10003, 10033, 10047, 10060, 10080, 10129, 10163, 10171, 10203, 10207, 10207, 10256, 10296, 10313, 10321, 10324, 10324, 10371, 10386, 10440, 10503, 10556, 10575, 10578, 10613, 10645, 10666, 10707, 10731, 10761, 10762, 10795, 10811, 10869, 10894, 10918, 10939, 10955, 10985, 11012, 11062, 11104, 11122, 11162, 11169, 11169, 11217, 11283, 11324, 11371, 11386, 11409, 11409]","[120, 120, 123, 135, 147, 173, 187, 197, 212, 240, 251, 265, 286, 296, 305, 315, 320, 333, 346, 353, 353, 364, 370, 372, 381, 386, 396, 403, 408, 411, 412, 415, 419, 423, 429, 432, 435, 439, 439, 446, 451, 457, 458, 460, 460, 462, 466, 471, 476, 476, 477, 480, 480, 480, 482, 482, 483, 484, 484, 484, 485, 489, 489, 491, 491, 491, 495, 496, 498, 499, 500, 500, 501, 501, 503, 505, 505, 506, 506, 506, 508, 507, 507, 509, 511, 512, 512, 512, 512, 514, 514, 514, 514, 514, 514, 514, 514, 514, 514, 514, 514, 514]",Hesse,2020-04-10,DEU-HE,"['NYT-World', 'DEU']",2020-07-19,11409,11409,514,102.0,,,,6265809.0,"[0, 0, 0, 0, 0, 0, 0, 0, 0, 0, 0, 0, 0, 0, 0, 0, 0, 0, 0, 0, 0, 0, 0, 0, 0, 0, 0, 0, 0, 0, 0, 0, 0, 0, 0, 0, 0, 0, 0, 0, 0, 0, 0, 0, 0, 0, 0, 0, 0, 0, 0, 0, 0, 0, 0, 0, 0, 0, 0, 0, 0, 0, 0, 0, 0, 0, 0, 0, 0, 0, 0, 0, 0, 0, 0, 0, 0, 0, 0, 0, 0, 0, 0, 0, 0, 0, 0, 0, 0, 0, 0, 0, 0, 0, 0, 0, 0, 0, 0, 0, 0, 0]",state
"[601, 601, 605, 618, 619, 624, 634, 634, 645, 653, 655, 656, 659, 661, 667, 673, 674, 675, 687, 690, 690, 695, 698, 699, 703, 711, 715, 718, 722, 726, 728, 729, 736, 739, 740, 746, 748, 752, 752, 755, 762, 763, 763, 760, 760, 760, 760, 760, 759, 760, 761, 761, 761, 761, 763, 764, 766, 773, 774, 774, 777, 778, 780, 781, 782, 782, 784, 786, 787, 791, 791, 792, 792, 792, 794, 796, 797, 798, 801, 801, 802, 803, 803, 803, 804, 804, 804, 805, 805, 805, 803, 804, 804, 804, 804, 804, 805, 805, 806, 806, 806, 806]","[11, 11, 11, 11, 11, 11, 13, 13, 14, 15, 15, 15, 15, 16, 16, 16, 16, 17, 17, 17, 17, 18, 18, 18, 19, 19, 19, 19, 19, 19, 19, 20, 20, 20, 20, 20, 20, 20, 20, 20, 20, 20, 20, 20, 20, 20, 20, 20, 20, 20, 20, 20, 20, 20, 20, 20, 20, 20, 20, 20, 20, 20, 20, 20, 20, 20, 20, 20, 20, 20, 20, 20, 20, 20, 20, 20, 20, 20, 20, 20, 20, 20, 20, 20, 20, 20, 20, 20, 20, 20, 20, 20, 20, 20, 20, 20, 20, 20, 20, 20, 20, 20]","[601, 601, 605, 618, 619, 624, 634, 634, 645, 653, 655, 656, 659, 661, 667, 673, 674, 675, 687, 690, 690, 695, 698, 699, 703, 711, 715, 718, 722, 726, 728, 729, 736, 739, 740, 746, 748, 752, 752, 755, 762, 763, 763, 760, 760, 760, 760, 760, 759, 760, 761, 761, 761, 761, 763, 764, 766, 773, 774, 774, 777, 778, 780, 781, 782, 782, 784, 786, 787, 791, 791, 792, 792, 792, 794, 796, 797, 798, 801, 801, 802, 803, 803, 803, 804, 804, 804, 805, 805, 805, 803, 804, 804, 804, 804, 804, 805, 805, 806, 806, 806, 806]","[601, 601, 605, 618, 619, 624, 634, 634, 645, 653, 655, 656, 659, 661, 667, 673, 674, 675, 687, 690, 690, 695, 698, 699, 703, 711, 715, 718, 722, 726, 728, 729, 736, 739, 740, 746, 748, 752, 752, 755, 762, 763, 763, 760, 760, 760, 760, 760, 759, 760, 761, 761, 761, 761, 763, 764, 766, 773, 774, 774, 777, 778, 780, 781, 782, 782, 784, 786, 787, 791, 791, 792, 792, 792, 794, 796, 797, 798, 801, 801, 802, 803, 803, 803, 804, 804, 804, 805, 805, 805, 803, 804, 804, 804, 804, 804, 805, 805, 806, 806, 806, 806]","[11, 11, 11, 11, 11, 11, 13, 13, 14, 15, 15, 15, 15, 16, 16, 16, 16, 17, 17, 17, 17, 18, 18, 18, 19, 19, 19, 19, 19, 19, 19, 20, 20, 20, 20, 20, 20, 20, 20, 20, 20, 20, 20, 20, 20, 20, 20, 20, 20, 20, 20, 20, 20, 20, 20, 20, 20, 20, 20, 20, 20, 20, 20, 20, 20, 20, 20, 20, 20, 20, 20, 20, 20, 20, 20, 20, 20, 20, 20, 20, 20, 20, 20, 20, 20, 20, 20, 20, 20, 20, 20, 20, 20, 20, 20, 20, 20, 20, 20, 20, 20, 20]",Mecklenburg-Western Pomerania,2020-04-10,DEU-MV,"['NYT-World', 'DEU']",2020-07-19,806,806,20,102.0,,,,1609675.0,"[0, 0, 0, 0, 0, 0, 0, 0, 0, 0, 0, 0, 0, 0, 0, 0, 0, 0, 0, 0, 0, 0, 0, 0, 0, 0, 0, 0, 0, 0, 0, 0, 0, 0, 0, 0, 0, 0, 0, 0, 0, 0, 0, 0, 0, 0, 0, 0, 0, 0, 0, 0, 0, 0, 0, 0, 0, 0, 0, 0, 0, 0, 0, 0, 0, 0, 0, 0, 0, 0, 0, 0, 0, 0, 0, 0, 0, 0, 0, 0, 0, 0, 0, 0, 0, 0, 0, 0, 0, 0, 0, 0, 0, 0, 0, 0, 0, 0, 0, 0, 0, 0]",state
"[7343, 7343, 7602, 7723, 7885, 8019, 8188, 8442, 8649, 8900, 9098, 9236, 9391, 9544, 9691, 9785, 9847, 9926, 9972, 10067, 10067, 10246, 10283, 10325, 10380, 10453, 10564, 10686, 10803, 10827, 10854, 10895, 10903, 11003, 11087, 11092, 11155, 11167, 11167, 11288, 11362, 11420, 11521, 11578, 11578, 11646, 11678, 11750, 11832, 11958, 11992, 12043, 12065, 12114, 12182, 12277, 12399, 12466, 12509, 12509, 12626, 12727, 12777, 12822, 12874, 12909, 12950, 12968, 13063, 13097, 13136, 13136, 13283, 13312, 13327, 13378, 13422, 13456, 13478, 13502, 13535, 13577, 13605, 13632, 13647, 13664, 13672, 13731, 13748, 13754, 13791, 13799, 13804, 13806, 13806, 13848, 13887, 13905, 13952, 13963, 14030, 14030]","[171, 171, 189, 201, 211, 224, 248, 274, 281, 291, 306, 328, 340, 364, 377, 384, 391, 394, 406, 416, 416, 451, 453, 456, 463, 470, 478, 493, 496, 498, 498, 507, 508, 524, 534, 535, 544, 545, 545, 557, 566, 568, 571, 572, 572, 574, 578, 583, 585, 593, 593, 593, 594, 596, 601, 604, 605, 605, 605, 605, 607, 610, 610, 613, 614, 614, 614, 615, 618, 618, 618, 618, 618, 619, 622, 623, 625, 627, 628, 628, 628, 629, 632, 633, 635, 635, 635, 637, 639, 640, 641, 641, 642, 642, 642, 642, 643, 644, 644, 645, 645, 645]","[7343, 7343, 7602, 7723, 7885, 8019, 8188, 8442, 8649, 8900, 9098, 9236, 9391, 9544, 9691, 9785, 9847, 9926, 9972, 10067, 10067, 10246, 10283, 10325, 10380, 10453, 10564, 10686, 10803, 10827, 10854, 10895, 10903, 11003, 11087, 11092, 11155, 11167, 11167, 11288, 11362, 11420, 11521, 11578, 11578, 11646, 11678, 11750, 11832, 11958, 11992, 12043, 12065, 12114, 12182, 12277, 12399, 12466, 12509, 12509, 12626, 12727, 12777, 12822, 12874, 12909, 12950, 12968, 13063, 13097, 13136, 13136, 13283, 13312, 13327, 13378, 13422, 13456, 13478, 13502, 13535, 13577, 13605, 13632, 13647, 13664, 13672, 13731, 13748, 13754, 13791, 13799, 13804, 13806, 13806, 13848, 13887, 13905, 13952, 13963, 14030, 14030]","[7343, 7343, 7602, 7723, 7885, 8019, 8188, 8442, 8649, 8900, 9098, 9236, 9391, 9544, 9691, 9785, 9847, 9926, 9972, 10067, 10067, 10246, 10283, 10325, 10380, 10453, 10564, 10686, 10803, 10827, 10854, 10895, 10903, 11003, 11087, 11092, 11155, 11167, 11167, 11288, 11362, 11420, 11521, 11578, 11578, 11646, 11678, 11750, 11832, 11958, 11992, 12043, 12065, 12114, 12182, 12277, 12399, 12466, 12509, 12509, 12626, 12727, 12777, 12822, 12874, 12909, 12950, 12968, 13063, 13097, 13136, 13136, 13283, 13312, 13327, 13378, 13422, 13456, 13478, 13502, 13535, 13577, 13605, 13632, 13647, 13664, 13672, 13731, 13748, 13754, 13791, 13799, 13804, 13806, 13806, 13848, 13887, 13905, 13952, 13963, 14030, 14030]","[171, 171, 189, 201, 211, 224, 248, 274, 281, 291, 306, 328, 340, 364, 377, 384, 391, 394, 406, 416, 416, 451, 453, 456, 463, 470, 478, 493, 496, 498, 498, 507, 508, 524, 534, 535, 544, 545, 545, 557, 566, 568, 571, 572, 572, 574, 578, 583, 585, 593, 593, 593, 594, 596, 601, 604, 605, 605, 605, 605, 607, 610, 610, 613, 614, 614, 614, 615, 618, 618, 618, 618, 618, 619, 622, 623, 625, 627, 628, 628, 628, 629, 632, 633, 635, 635, 635, 637, 639, 640, 641, 641, 642, 642, 642, 642, 643, 644, 644, 645, 645, 645]",Lower Saxony,2020-04-10,DEU-NI,"['NYT-World', 'DEU']",2020-07-19,14030,14030,645,102.0,,,,7982448.0,"[0, 0, 0, 0, 0, 0, 0, 0, 0, 0, 0, 0, 0, 0, 0, 0, 0, 0, 0, 0, 0, 0, 0, 0, 0, 0, 0, 0, 0, 0, 0, 0, 0, 0, 0, 0, 0, 0, 0, 0, 0, 0, 0, 0, 0, 0, 0, 0, 0, 0, 0, 0, 0, 0, 0, 0, 0, 0, 0, 0, 0, 0, 0, 0, 0, 0, 0, 0, 0, 0, 0, 0, 0, 0, 0, 0, 0, 0, 0, 0, 0, 0, 0, 0, 0, 0, 0, 0, 0, 0, 0, 0, 0, 0, 0, 0, 0, 0, 0, 0, 0, 0]",state
"[23644, 23644, 24267, 24883, 25300, 25835, 26383, 27030, 28006, 28971, 29389, 30185, 30584, 31106, 31465, 31669, 31879, 32184, 32429, 32687, 32687, 33216, 33428, 33560, 33728, 33977, 34249, 34522, 34817, 34964, 35132, 35333, 35555, 35741, 35967, 36065, 36286, 36365, 36365, 36766, 36912, 37010, 37139, 37223, 37298, 37395, 37541, 37698, 37803, 37910, 38000, 38046, 38100, 38185, 38297, 38439, 38524, 38616, 38660, 38660, 38845, 38983, 39060, 39137, 39233, 39307, 39415, 39573, 39777, 40156, 40372, 40921, 41218, 41418, 41678, 41992, 42150, 42571, 42723, 42869, 43066, 43242, 43436, 43660, 43853, 43990, 44064, 44158, 44306, 44492, 44645, 44788, 44915, 44974, 44974, 45233, 45388, 45710, 45910, 46024, 46075, 46075]","[472, 472, 495, 518, 545, 607, 663, 726, 791, 857, 896, 964, 999, 1052, 1084, 1096, 1131, 1171, 1200, 1219, 1219, 1268, 1287, 1290, 1332, 1358, 1372, 1397, 1424, 1425, 1437, 1456, 1473, 1483, 1493, 1500, 1505, 1512, 1512, 1537, 1546, 1547, 1555, 1563, 1565, 1571, 1577, 1582, 1588, 1595, 1597, 1598, 1599, 1607, 1611, 1617, 1622, 1623, 1623, 1623, 1636, 1641, 1643, 1643, 1645, 1646, 1648, 1655, 1658, 1660, 1663, 1663, 1663, 1665, 1668, 1669, 1673, 1674, 1674, 1678, 1680, 1683, 1684, 1686, 1688, 1687, 1689, 1689, 1696, 1698, 1701, 1704, 1704, 1705, 1705, 1708, 1711, 1711, 1712, 1712, 1713, 1713]","[23644, 23644, 24267, 24883, 25300, 25835, 26383, 27030, 28006, 28971, 29389, 30185, 30584, 31106, 31465, 31669, 31879, 32184, 32429, 32687, 32687, 33216, 33428, 33560, 33728, 33977, 34249, 34522, 34817, 34964, 35132, 35333, 35555, 35741, 35967, 36065, 36286, 36365, 36365, 36766, 36912, 37010, 37139, 37223, 37298, 37395, 37541, 37698, 37803, 37910, 38000, 38046, 38100, 38185, 38297, 38439, 38524, 38616, 38660, 38660, 38845, 38983, 39060, 39137, 39233, 39307, 39415, 39573, 39777, 40156, 40372, 40921, 41218, 41418, 41678, 41992, 42150, 42571, 42723, 42869, 43066, 43242, 43436, 43660, 43853, 43990, 44064, 44158, 44306, 44492, 44645, 44788, 44915, 44974, 44974, 45233, 45388, 45710, 45910, 46024, 46075, 46075]","[23644, 23644, 24267, 24883, 25300, 25835, 26383, 27030, 28006, 28971, 29389, 30185, 30584, 31106, 31465, 31669, 31879, 32184, 32429, 32687, 32687, 33216, 33428, 33560, 33728, 33977, 34249, 34522, 34817, 34964, 35132, 35333, 35555, 35741, 35967, 36065, 36286, 36365, 36365, 36766, 36912, 37010, 37139, 37223, 37298, 37395, 37541, 37698, 37803, 37910, 38000, 38046, 38100, 38185, 38297, 38439, 38524, 38616, 38660, 38660, 38845, 38983, 39060, 39137, 39233, 39307, 39415, 39573, 39777, 40156, 40372, 40921, 41218, 41418, 41678, 41992, 42150, 42571, 42723, 42869, 43066, 43242, 43436, 43660, 43853, 43990, 44064, 44158, 44306, 44492, 44645, 44788, 44915, 44974, 44974, 45233, 45388, 45710, 45910, 46024, 46075, 46075]","[472, 472, 495, 518, 545, 607, 663, 726, 791, 857, 896, 964, 999, 1052, 1084, 1096, 1131, 1171, 1200, 1219, 1219, 1268, 1287, 1290, 1332, 1358, 1372, 1397, 1424, 1425, 1437, 1456, 1473, 1483, 1493, 1500, 1505, 1512, 1512, 1537, 1546, 1547, 1555, 1563, 1565, 1571, 1577, 1582, 1588, 1595, 1597, 1598, 1599, 1607, 1611, 1617, 1622, 1623, 1623, 1623, 1636, 1641, 1643, 1643, 1645, 1646, 1648, 1655, 1658, 1660, 1663, 1663, 1663, 1665, 1668, 1669, 1673, 1674, 1674, 1678, 1680, 1683, 1684, 1686, 1688, 1687, 1689, 1689, 1696, 1698, 1701, 1704, 1704, 1705, 1705, 1708, 1711, 1711, 1712, 1712, 1713, 1713]",North Rhine-Westphalia,2020-04-10,DEU-NW,"['NYT-World', 'DEU']",2020-07-19,46075,46075,1713,102.0,,,,17932651.0,"[0, 0, 0, 0, 0, 0, 0, 0, 0, 0, 0, 0, 0, 0, 0, 0, 0, 0, 0, 0, 0, 0, 0, 0, 0, 0, 0, 0, 0, 0, 0, 0, 0, 0, 0, 0, 0, 0, 0, 0, 0, 0, 0, 0, 0, 0, 0, 0, 0, 0, 0, 0, 0, 0, 0, 0, 0, 0, 0, 0, 0, 0, 0, 0, 0, 0, 0, 0, 0, 0, 0, 0, 0, 0, 0, 0, 0, 0, 0, 0, 0, 0, 0, 0, 0, 0, 0, 0, 0, 0, 0, 0, 0, 0, 0, 0, 0, 0, 0, 0, 0, 0]",state
"[4622, 4622, 4734, 4810, 4880, 5004, 5087, 5211, 5324, 5523, 5561, 5593, 5643, 5731, 5767, 5835, 5879, 5928, 5982, 6029, 6029, 6099, 6133, 6150, 6160, 6191, 6213, 6241, 6282, 6291, 6313, 6355, 6360, 6382, 6413, 6449, 6449, 6490, 6490, 6529, 6555, 6566, 6582, 6590, 6596, 6600, 6611, 6652, 6673, 6695, 6694, 6703, 6704, 6712, 6719, 6732, 6761, 6775, 6781, 6781, 6810, 6827, 6827, 6838, 6840, 6841, 6846, 6856, 6874, 6883, 6903, 6907, 6917, 6919, 6924, 6940, 6951, 6971, 6974, 6987, 6996, 7022, 7036, 7068, 7080, 7080, 7082, 7094, 7100, 7112, 7126, 7136, 7157, 7174, 7174, 7222, 7258, 7275, 7293, 7299, 7314, 7314]","[59, 59, 64, 68, 70, 77, 87, 92, 99, 107, 116, 122, 131, 136, 138, 147, 152, 157, 161, 166, 166, 173, 176, 177, 182, 187, 189, 192, 195, 195, 195, 206, 207, 212, 213, 216, 216, 217, 217, 222, 224, 224, 226, 227, 228, 228, 229, 230, 230, 230, 230, 230, 230, 230, 230, 230, 230, 230, 230, 230, 231, 231, 231, 231, 231, 231, 231, 233, 234, 234, 234, 234, 234, 234, 235, 235, 235, 235, 235, 235, 235, 235, 235, 235, 235, 235, 235, 235, 235, 236, 236, 236, 236, 236, 236, 236, 238, 238, 238, 238, 238, 238]","[4622, 4622, 4734, 4810, 4880, 5004, 5087, 5211, 5324, 5523, 5561, 5593, 5643, 5731, 5767, 5835, 5879, 5928, 5982, 6029, 6029, 6099, 6133, 6150, 6160, 6191, 6213, 6241, 6282, 6291, 6313, 6355, 6360, 6382, 6413, 6449, 6449, 6490, 6490, 6529, 6555, 6566, 6582, 6590, 6596, 6600, 6611, 6652, 6673, 6695, 6694, 6703, 6704, 6712, 6719, 6732, 6761, 6775, 6781, 6781, 6810, 6827, 6827, 6838, 6840, 6841, 6846, 6856, 6874, 6883, 6903, 6907, 6917, 6919, 6924, 6940, 6951, 6971, 6974, 6987, 6996, 7022, 7036, 7068, 7080, 7080, 7082, 7094, 7100, 7112, 7126, 7136, 7157, 7174, 7174, 7222, 7258, 7275, 7293, 7299, 7314, 7314]","[4622, 4622, 4734, 4810, 4880, 5004, 5087, 5211, 5324, 5523, 5561, 5593, 5643, 5731, 5767, 5835, 5879, 5928, 5982, 6029, 6029, 6099, 6133, 6150, 6160, 6191, 6213, 6241, 6282, 6291, 6313, 6355, 6360, 6382, 6413, 6449, 6449, 6490, 6490, 6529, 6555, 6566, 6582, 6590, 6596, 6600, 6611, 6652, 6673, 6695, 6694, 6703, 6704, 6712, 6719, 6732, 6761, 6775, 6781, 6781, 6810, 6827, 6827, 6838, 6840, 6841, 6846, 6856, 6874, 6883, 6903, 6907, 6917, 6919, 6924, 6940, 6951, 6971, 6974, 6987, 6996, 7022, 7036, 7068, 7080, 7080, 7082, 7094, 7100, 7112, 7126, 7136, 7157, 7174, 7174, 7222, 7258, 7275, 7293, 7299, 7314, 7314]","[59, 59, 64, 68, 70, 77, 87, 92, 99, 107, 116, 122, 131, 136, 138, 147, 152, 157, 161, 166, 166, 173, 176, 177, 182, 187, 189, 192, 195, 195, 195, 206, 207, 212, 213, 216, 216, 217, 217, 222, 224, 224, 226, 227, 228, 228, 229, 230, 230, 230, 230, 230, 230, 230, 230, 230, 230, 230, 230, 230, 231, 231, 231, 231, 231, 231, 231, 233, 234, 234, 234, 234, 234, 234, 235, 235, 235, 235, 235, 235, 235, 235, 235, 235, 235, 235, 235, 235, 235, 236, 236, 236, 236, 236, 236, 236, 238, 238, 238, 238, 238, 238]",Rhineland-Palatinate,2020-04-10,DEU-RP,"['NYT-World', 'DEU']",2020-07-19,7314,7314,238,102.0,,,,4084844.0,"[0, 0, 0, 0, 0, 0, 0, 0, 0, 0, 0, 0, 0, 0, 0, 0, 0, 0, 0, 0, 0, 0, 0, 0, 0, 0, 0, 0, 0, 0, 0, 0, 0, 0, 0, 0, 0, 0, 0, 0, 0, 0, 0, 0, 0, 0, 0, 0, 0, 0, 0, 0, 0, 0, 0, 0, 0, 0, 0, 0, 0, 0, 0, 0, 0, 0, 0, 0, 0, 0, 0, 0, 0, 0, 0, 0, 0, 0, 0, 0, 0, 0, 0, 0, 0, 0, 0, 0, 0, 0, 0, 0, 0, 0, 0, 0, 0, 0, 0, 0, 0, 0]",state
"[2016, 2016, 2058, 2079, 2112, 2145, 2201, 2254, 2289, 2314, 2328, 2367, 2395, 2445, 2468, 2482, 2503, 2509, 2514, 2552, 2552, 2597, 2605, 2608, 2618, 2627, 2655, 2658, 2660, 2663, 2665, 2665, 2667, 2677, 2684, 2688, 2696, 2696, 2696, 2703, 2706, 2707, 2709, 2713, 2716, 2727, 2730, 2731, 2716, 2723, 2724, 2724, 2730, 2735, 2737, 2738, 2740, 2747, 2747, 2747, 2763, 2766, 2769, 2770, 2772, 2772, 2773, 2773, 2773, 2774, 2776, 2778, 2778, 2778, 2801, 2801, 2802, 2802, 2805, 2806, 2806, 2806, 2807, 2805, 2805, 2805, 2806, 2806, 2808, 2809, 2812, 2812, 2812, 2812, 2812, 2823, 2824, 2827, 2828, 2828, 2830, 2830]","[41, 41, 43, 44, 52, 58, 71, 76, 86, 91, 93, 97, 99, 105, 107, 107, 121, 123, 129, 131, 131, 135, 138, 139, 139, 141, 143, 140, 142, 142, 142, 144, 144, 145, 147, 149, 149, 149, 149, 154, 157, 157, 157, 157, 157, 158, 160, 161, 162, 163, 163, 163, 163, 163, 164, 166, 166, 166, 166, 166, 167, 167, 168, 168, 168, 168, 168, 168, 168, 168, 168, 168, 168, 168, 169, 169, 171, 172, 173, 173, 173, 173, 173, 174, 174, 174, 174, 174, 174, 174, 174, 174, 174, 174, 174, 174, 174, 174, 174, 174, 174, 174]","[2016, 2016, 2058, 2079, 2112, 2145, 2201, 2254, 2289, 2314, 2328, 2367, 2395, 2445, 2468, 2482, 2503, 2509, 2514, 2552, 2552, 2597, 2605, 2608, 2618, 2627, 2655, 2658, 2660, 2663, 2665, 2665, 2667, 2677, 2684, 2688, 2696, 2696, 2696, 2703, 2706, 2707, 2709, 2713, 2716, 2727, 2730, 2731, 2716, 2723, 2724, 2724, 2730, 2735, 2737, 2738, 2740, 2747, 2747, 2747, 2763, 2766, 2769, 2770, 2772, 2772, 2773, 2773, 2773, 2774, 2776, 2778, 2778, 2778, 2801, 2801, 2802, 2802, 2805, 2806, 2806, 2806, 2807, 2805, 2805, 2805, 2806, 2806, 2808, 2809, 2812, 2812, 2812, 2812, 2812, 2823, 2824, 2827, 2828, 2828, 2830, 2830]","[2016, 2016, 2058, 2079, 2112, 2145, 2201, 2254, 2289, 2314, 2328, 2367, 2395, 2445, 2468, 2482, 2503, 2509, 2514, 2552, 2552, 2597, 2605, 2608, 2618, 2627, 2655, 2658, 2660, 2663, 2665, 2665, 2667, 2677, 2684, 2688, 2696, 2696, 2696, 2703, 2706, 2707, 2709, 2713, 2716, 2727, 2730, 2731, 2716, 2723, 2724, 2724, 2730, 2735, 2737, 2738, 2740, 2747, 2747, 2747, 2763, 2766, 2769, 2770, 2772, 2772, 2773, 2773, 2773, 2774, 2776, 2778, 2778, 2778, 2801, 2801, 2802, 2802, 2805, 2806, 2806, 2806, 2807, 2805, 2805, 2805, 2806, 2806, 2808, 2809, 2812, 2812, 2812, 2812, 2812, 2823, 2824, 2827, 2828, 2828, 2830, 2830]","[41, 41, 43, 44, 52, 58, 71, 76, 86, 91, 93, 97, 99, 105, 107, 107, 121, 123, 129, 131, 131, 135, 138, 139, 139, 141, 143, 140, 142, 142, 142, 144, 144, 145, 147, 149, 149, 149, 149, 154, 157, 157, 157, 157, 157, 158, 160, 161, 162, 163, 163, 163, 163, 163, 164, 166, 166, 166, 166, 166, 167, 167, 168, 168, 168, 168, 168, 168, 168, 168, 168, 168, 168, 168, 169, 169, 171, 172, 173, 173, 173, 173, 173, 174, 174, 174, 174, 174, 174, 174, 174, 174, 174, 174, 174, 174, 174, 174, 174, 174, 174, 174]",Saarland,2020-04-10,DEU-SL,"['NYT-World', 'DEU']",2020-07-19,2830,2830,174,102.0,,,,990509.0,"[0, 0, 0, 0, 0, 0, 0, 0, 0, 0, 0, 0, 0, 0, 0, 0, 0, 0, 0, 0, 0, 0, 0, 0, 0, 0, 0, 0, 0, 0, 0, 0, 0, 0, 0, 0, 0, 0, 0, 0, 0, 0, 0, 0, 0, 0, 0, 0, 0, 0, 0, 0, 0, 0, 0, 0, 0, 0, 0, 0, 0, 0, 0, 0, 0, 0, 0, 0, 0, 0, 0, 0, 0, 0, 0, 0, 0, 0, 0, 0, 0, 0, 0, 0, 0, 0, 0, 0, 0, 0, 0, 0, 0, 0, 0, 0, 0, 0, 0, 0, 0, 0]",state
"[3565, 3565, 3600, 3655, 3751, 3819, 3955, 4048, 4140, 4229, 4253, 4273, 4327, 4377, 4406, 4428, 4458, 4490, 4509, 4561, 4561, 4617, 4696, 4702, 4745, 4784, 4836, 4839, 4873, 4886, 4915, 4947, 4962, 5031, 5061, 5089, 5115, 5125, 5125, 5150, 5185, 5197, 5219, 5221, 5231, 5236, 5247, 5260, 5230, 5297, 5304, 5309, 5309, 5305, 5312, 5315, 5321, 5323, 5330, 5330, 5337, 5346, 5344, 5345, 5346, 5347, 5349, 5350, 5359, 5382, 5408, 5408, 5408, 5408, 5436, 5438, 5439, 5444, 5444, 5444, 5448, 5451, 5457, 5453, 5458, 5458, 5458, 5459, 5465, 5466, 5469, 5473, 5473, 5473, 5473, 5478, 5484, 5485, 5488, 5488, 5488, 5488]","[65, 65, 67, 68, 70, 73, 94, 95, 103, 109, 117, 122, 127, 135, 141, 147, 147, 148, 153, 156, 156, 163, 165, 167, 171, 177, 181, 184, 186, 187, 187, 190, 191, 195, 195, 197, 196, 196, 196, 198, 201, 203, 204, 204, 205, 207, 208, 210, 209, 213, 213, 214, 211, 212, 212, 212, 212, 214, 214, 214, 217, 219, 219, 219, 218, 219, 220, 221, 221, 221, 221, 221, 221, 221, 222, 223, 222, 222, 222, 222, 223, 223, 224, 224, 224, 224, 224, 224, 224, 225, 225, 225, 225, 225, 225, 225, 225, 225, 225, 225, 225, 225]","[3565, 3565, 3600, 3655, 3751, 3819, 3955, 4048, 4140, 4229, 4253, 4273, 4327, 4377, 4406, 4428, 4458, 4490, 4509, 4561, 4561, 4617, 4696, 4702, 4745, 4784, 4836, 4839, 4873, 4886, 4915, 4947, 4962, 5031, 5061, 5089, 5115, 5125, 5125, 5150, 5185, 5197, 5219, 5221, 5231, 5236, 5247, 5260, 5230, 5297, 5304, 5309, 5309, 5305, 5312, 5315, 5321, 5323, 5330, 5330, 5337, 5346, 5344, 5345, 5346, 5347, 5349, 5350, 5359, 5382, 5408, 5408, 5408, 5408, 5436, 5438, 5439, 5444, 5444, 5444, 5448, 5451, 5457, 5453, 5458, 5458, 5458, 5459, 5465, 5466, 5469, 5473, 5473, 5473, 5473, 5478, 5484, 5485, 5488, 5488, 5488, 5488]","[3565, 3565, 3600, 3655, 3751, 3819, 3955, 4048, 4140, 4229, 4253, 4273, 4327, 4377, 4406, 4428, 4458, 4490, 4509, 4561, 4561, 4617, 4696, 4702, 4745, 4784, 4836, 4839, 4873, 4886, 4915, 4947, 4962, 5031, 5061, 5089, 5115, 5125, 5125, 5150, 5185, 5197, 5219, 5221, 5231, 5236, 5247, 5260, 5230, 5297, 5304, 5309, 5309, 5305, 5312, 5315, 5321, 5323, 5330, 5330, 5337, 5346, 5344, 5345, 5346, 5347, 5349, 5350, 5359, 5382, 5408, 5408, 5408, 5408, 5436, 5438, 5439, 5444, 5444, 5444, 5448, 5451, 5457, 5453, 5458, 5458, 5458, 5459, 5465, 5466, 5469, 5473, 5473, 5473, 5473, 5478, 5484, 5485, 5488, 5488, 5488, 5488]","[65, 65, 67, 68, 70, 73, 94, 95, 103, 109, 117, 122, 127, 135, 141, 147, 147, 148, 153, 156, 156, 163, 165, 167, 171, 177, 181, 184, 186, 187, 187, 190, 191, 195, 195, 197, 196, 196, 196, 198, 201, 203, 204, 204, 205, 207, 208, 210, 209, 213, 213, 214, 211, 212, 212, 212, 212, 214, 214, 214, 217, 219, 219, 219, 218, 219, 220, 221, 221, 221, 221, 221, 221, 221, 222, 223, 222, 222, 222, 222, 223, 223, 224, 224, 224, 224, 224, 224, 224, 225, 225, 225, 225, 225, 225, 225, 225, 225, 225, 225, 225, 225]",Saxony,2020-04-10,DEU-SN,"['NYT-World', 'DEU']",2020-07-19,5488,5488,225,102.0,,,,4077937.0,"[0, 0, 0, 0, 0, 0, 0, 0, 0, 0, 0, 0, 0, 0, 0, 0, 0, 0, 0, 0, 0, 0, 0, 0, 0, 0, 0, 0, 0, 0, 0, 0, 0, 0, 0, 0, 0, 0, 0, 0, 0, 0, 0, 0, 0, 0, 0, 0, 0, 0, 0, 0, 0, 0, 0, 0, 0, 0, 0, 0, 0, 0, 0, 0, 0, 0, 0, 0, 0, 0, 0, 0, 0, 0, 0, 0, 0, 0, 0, 0, 0, 0, 0, 0, 0, 0, 0, 0, 0, 0, 0, 0, 0, 0, 0, 0, 0, 0, 0, 0, 0, 0]",state
"[1135, 1135, 1166, 1193, 1207, 1223, 1248, 1279, 1315, 1369, 1383, 1395, 1425, 1436, 1480, 1494, 1515, 1520, 1525, 1549, 1549, 1571, 1576, 1578, 1585, 1590, 1602, 1615, 1637, 1640, 1643, 1648, 1650, 1656, 1668, 1676, 1676, 1678, 1678, 1680, 1689, 1692, 1692, 1694, 1694, 1698, 1698, 1701, 1700, 1701, 1705, 1706, 1707, 1707, 1711, 1712, 1717, 1720, 1720, 1720, 1721, 1728, 1732, 1734, 1756, 1768, 1771, 1775, 1802, 1818, 1839, 1842, 1844, 1851, 1856, 1858, 1862, 1865, 1868, 1869, 1871, 1873, 1876, 1878, 1880, 1880, 1889, 1894, 1896, 1898, 1905, 1907, 1917, 1917, 1917, 1921, 1926, 1936, 1939, 1946, 1950, 1950]","[18, 18, 21, 24, 25, 26, 26, 28, 29, 30, 32, 33, 34, 35, 35, 36, 36, 39, 39, 43, 43, 44, 44, 45, 46, 46, 48, 48, 48, 48, 48, 50, 52, 52, 54, 54, 54, 54, 54, 54, 54, 54, 54, 54, 54, 54, 55, 55, 55, 55, 55, 55, 55, 55, 55, 55, 55, 56, 56, 56, 56, 56, 56, 56, 57, 57, 57, 57, 57, 57, 57, 57, 57, 57, 58, 58, 58, 58, 58, 58, 58, 59, 59, 59, 59, 59, 59, 59, 59, 60, 61, 61, 62, 62, 62, 62, 62, 62, 62, 62, 62, 62]","[1135, 1135, 1166, 1193, 1207, 1223, 1248, 1279, 1315, 1369, 1383, 1395, 1425, 1436, 1480, 1494, 1515, 1520, 1525, 1549, 1549, 1571, 1576, 1578, 1585, 1590, 1602, 1615, 1637, 1640, 1643, 1648, 1650, 1656, 1668, 1676, 1676, 1678, 1678, 1680, 1689, 1692, 1692, 1694, 1694, 1698, 1698, 1701, 1700, 1701, 1705, 1706, 1707, 1707, 1711, 1712, 1717, 1720, 1720, 1720, 1721, 1728, 1732, 1734, 1756, 1768, 1771, 1775, 1802, 1818, 1839, 1842, 1844, 1851, 1856, 1858, 1862, 1865, 1868, 1869, 1871, 1873, 1876, 1878, 1880, 1880, 1889, 1894, 1896, 1898, 1905, 1907, 1917, 1917, 1917, 1921, 1926, 1936, 1939, 1946, 1950, 1950]","[1135, 1135, 1166, 1193, 1207, 1223, 1248, 1279, 1315, 1369, 1383, 1395, 1425, 1436, 1480, 1494, 1515, 1520, 1525, 1549, 1549, 1571, 1576, 1578, 1585, 1590, 1602, 1615, 1637, 1640, 1643, 1648, 1650, 1656, 1668, 1676, 1676, 1678, 1678, 1680, 1689, 1692, 1692, 1694, 1694, 1698, 1698, 1701, 1700, 1701, 1705, 1706, 1707, 1707, 1711, 1712, 1717, 1720, 1720, 1720, 1721, 1728, 1732, 1734, 1756, 1768, 1771, 1775, 1802, 1818, 1839, 1842, 1844, 1851, 1856, 1858, 1862, 1865, 1868, 1869, 1871, 1873, 1876, 1878, 1880, 1880, 1889, 1894, 1896, 1898, 1905, 1907, 1917, 1917, 1917, 1921, 1926, 1936, 1939, 1946, 1950, 1950]","[18, 18, 21, 24, 25, 26, 26, 28, 29, 30, 32, 33, 34, 35, 35, 36, 36, 39, 39, 43, 43, 44, 44, 45, 46, 46, 48, 48, 48, 48, 48, 50, 52, 52, 54, 54, 54, 54, 54, 54, 54, 54, 54, 54, 54, 54, 55, 55, 55, 55, 55, 55, 55, 55, 55, 55, 55, 56, 56, 56, 56, 56, 56, 56, 57, 57, 57, 57, 57, 57, 57, 57, 57, 57, 58, 58, 58, 58, 58, 58, 58, 59, 59, 59, 59, 59, 59, 59, 59, 60, 61, 61, 62, 62, 62, 62, 62, 62, 62, 62, 62, 62]",Saxony-Anhalt,2020-04-10,DEU-ST,"['NYT-World', 'DEU']",2020-07-19,1950,1950,62,102.0,,,,2208321.0,"[0, 0, 0, 0, 0, 0, 0, 0, 0, 0, 0, 0, 0, 0, 0, 0, 0, 0, 0, 0, 0, 0, 0, 0, 0, 0, 0, 0, 0, 0, 0, 0, 0, 0, 0, 0, 0, 0, 0, 0, 0, 0, 0, 0, 0, 0, 0, 0, 0, 0, 0, 0, 0, 0, 0, 0, 0, 0, 0, 0, 0, 0, 0, 0, 0, 0, 0, 0, 0, 0, 0, 0, 0, 0, 0, 0, 0, 0, 0, 0, 0, 0, 0, 0, 0, 0, 0, 0, 0, 0, 0, 0, 0, 0, 0, 0, 0, 0, 0, 0, 0, 0]",state
"[2065, 2065, 2118, 2134, 2164, 2245, 2294, 2349, 2387, 2426, 2414, 2496, 2530, 2557, 2612, 2630, 2638, 2653, 2679, 2690, 2690, 2728, 2738, 2788, 2799, 2815, 2834, 2860, 2898, 2938, 2957, 2956, 2972, 2982, 2988, 2998, 3000, 3002, 3002, 3014, 3021, 3039, 3062, 3062, 3062, 3067, 3070, 3072, 3078, 3090, 3094, 3097, 3103, 3106, 3103, 3103, 3107, 3109, 3110, 3110, 3115, 3117, 3120, 3120, 3121, 3121, 3122, 3122, 3122, 3131, 3133, 3134, 3136, 3136, 3137, 3140, 3144, 3146, 3147, 3147, 3154, 3159, 3163, 3176, 3178, 3181, 3187, 3189, 3194, 3200, 3202, 3206, 3206, 3207, 3207, 3229, 3235, 3238, 3251, 3253, 3261, 3261]","[39, 39, 41, 44, 49, 54, 55, 59, 61, 67, 70, 79, 84, 88, 95, 96, 98, 101, 103, 106, 106, 112, 113, 113, 118, 119, 120, 122, 122, 123, 124, 125, 125, 125, 126, 126, 126, 126, 126, 131, 134, 134, 136, 137, 137, 139, 140, 143, 144, 145, 145, 145, 145, 146, 146, 146, 147, 147, 147, 147, 148, 148, 148, 150, 151, 151, 151, 152, 152, 152, 152, 152, 152, 152, 152, 152, 152, 152, 152, 152, 152, 152, 152, 152, 152, 152, 152, 152, 153, 153, 154, 154, 154, 154, 154, 154, 154, 154, 154, 154, 155, 155]","[2065, 2065, 2118, 2134, 2164, 2245, 2294, 2349, 2387, 2426, 2414, 2496, 2530, 2557, 2612, 2630, 2638, 2653, 2679, 2690, 2690, 2728, 2738, 2788, 2799, 2815, 2834, 2860, 2898, 2938, 2957, 2956, 2972, 2982, 2988, 2998, 3000, 3002, 3002, 3014, 3021, 3039, 3062, 3062, 3062, 3067, 3070, 3072, 3078, 3090, 3094, 3097, 3103, 3106, 3103, 3103, 3107, 3109, 3110, 3110, 3115, 3117, 3120, 3120, 3121, 3121, 3122, 3122, 3122, 3131, 3133, 3134, 3136, 3136, 3137, 3140, 3144, 3146, 3147, 3147, 3154, 3159, 3163, 3176, 3178, 3181, 3187, 3189, 3194, 3200, 3202, 3206, 3206, 3207, 3207, 3229, 3235, 3238, 3251, 3253, 3261, 3261]","[2065, 2065, 2118, 2134, 2164, 2245, 2294, 2349, 2387, 2426, 2414, 2496, 2530, 2557, 2612, 2630, 2638, 2653, 2679, 2690, 2690, 2728, 2738, 2788, 2799, 2815, 2834, 2860, 2898, 2938, 2957, 2956, 2972, 2982, 2988, 2998, 3000, 3002, 3002, 3014, 3021, 3039, 3062, 3062, 3062, 3067, 3070, 3072, 3078, 3090, 3094, 3097, 3103, 3106, 3103, 3103, 3107, 3109, 3110, 3110, 3115, 3117, 3120, 3120, 3121, 3121, 3122, 3122, 3122, 3131, 3133, 3134, 3136, 3136, 3137, 3140, 3144, 3146, 3147, 3147, 3154, 3159, 3163, 3176, 3178, 3181, 3187, 3189, 3194, 3200, 3202, 3206, 3206, 3207, 3207, 3229, 3235, 3238, 3251, 3253, 3261, 3261]","[39, 39, 41, 44, 49, 54, 55, 59, 61, 67, 70, 79, 84, 88, 95, 96, 98, 101, 103, 106, 106, 112, 113, 113, 118, 119, 120, 122, 122, 123, 124, 125, 125, 125, 126, 126, 126, 126, 126, 131, 134, 134, 136, 137, 137, 139, 140, 143, 144, 145, 145, 145, 145, 146, 146, 146, 147, 147, 147, 147, 148, 148, 148, 150, 151, 151, 151, 152, 152, 152, 152, 152, 152, 152, 152, 152, 152, 152, 152, 152, 152, 152, 152, 152, 152, 152, 152, 152, 153, 153, 154, 154, 154, 154, 154, 154, 154, 154, 154, 154, 155, 155]",Schleswig-Holstein,2020-04-10,DEU-SH,"['NYT-World', 'DEU']",2020-07-19,3261,3261,155,102.0,,,,2896712.0,"[0, 0, 0, 0, 0, 0, 0, 0, 0, 0, 0, 0, 0, 0, 0, 0, 0, 0, 0, 0, 0, 0, 0, 0, 0, 0, 0, 0, 0, 0, 0, 0, 0, 0, 0, 0, 0, 0, 0, 0, 0, 0, 0, 0, 0, 0, 0, 0, 0, 0, 0, 0, 0, 0, 0, 0, 0, 0, 0, 0, 0, 0, 0, 0, 0, 0, 0, 0, 0, 0, 0, 0, 0, 0, 0, 0, 0, 0, 0, 0, 0, 0, 0, 0, 0, 0, 0, 0, 0, 0, 0, 0, 0, 0, 0, 0, 0, 0, 0, 0, 0, 0]",state
"[1435, 1435, 1464, 1485, 1504, 1550, 1601, 1682, 1717, 1785, 1798, 1872, 1932, 2023, 2058, 2098, 2120, 2144, 2170, 2254, 2254, 2335, 2345, 2355, 2392, 2429, 2452, 2512, 2533, 2556, 2585, 2594, 2622, 2652, 2681, 2711, 2725, 2740, 2740, 2760, 2796, 2818, 2830, 2857, 2871, 2877, 2898, 2932, 2958, 2974, 2984, 3015, 3017, 3022, 3033, 3051, 3066, 3077, 3081, 3081, 3108, 3130, 3143, 3154, 3169, 3171, 3175, 3188, 3189, 3205, 3210, 3214, 3221, 3229, 3231, 3225, 3240, 3248, 3250, 3250, 3254, 3253, 3259, 3265, 3267, 3270, 3272, 3277, 3283, 3286, 3288, 3289, 3291, 3292, 3292, 3301, 3310, 3315, 3320, 3321, 3321, 3321]","[25, 25, 25, 27, 31, 38, 45, 49, 50, 53, 55, 71, 61, 65, 71, 73, 74, 78, 80, 85, 85, 93, 93, 96, 99, 104, 109, 112, 115, 117, 118, 118, 126, 131, 135, 137, 138, 139, 139, 149, 151, 151, 151, 152, 152, 153, 157, 158, 159, 161, 162, 162, 163, 166, 167, 169, 170, 170, 170, 170, 170, 171, 171, 174, 174, 174, 174, 178, 177, 178, 178, 178, 178, 178, 178, 178, 178, 181, 181, 181, 181, 181, 181, 181, 181, 181, 181, 181, 182, 182, 182, 182, 182, 182, 182, 182, 182, 182, 182, 182, 182, 182]","[1435, 1435, 1464, 1485, 1504, 1550, 1601, 1682, 1717, 1785, 1798, 1872, 1932, 2023, 2058, 2098, 2120, 2144, 2170, 2254, 2254, 2335, 2345, 2355, 2392, 2429, 2452, 2512, 2533, 2556, 2585, 2594, 2622, 2652, 2681, 2711, 2725, 2740, 2740, 2760, 2796, 2818, 2830, 2857, 2871, 2877, 2898, 2932, 2958, 2974, 2984, 3015, 3017, 3022, 3033, 3051, 3066, 3077, 3081, 3081, 3108, 3130, 3143, 3154, 3169, 3171, 3175, 3188, 3189, 3205, 3210, 3214, 3221, 3229, 3231, 3225, 3240, 3248, 3250, 3250, 3254, 3253, 3259, 3265, 3267, 3270, 3272, 3277, 3283, 3286, 3288, 3289, 3291, 3292, 3292, 3301, 3310, 3315, 3320, 3321, 3321, 3321]","[1435, 1435, 1464, 1485, 1504, 1550, 1601, 1682, 1717, 1785, 1798, 1872, 1932, 2023, 2058, 2098, 2120, 2144, 2170, 2254, 2254, 2335, 2345, 2355, 2392, 2429, 2452, 2512, 2533, 2556, 2585, 2594, 2622, 2652, 2681, 2711, 2725, 2740, 2740, 2760, 2796, 2818, 2830, 2857, 2871, 2877, 2898, 2932, 2958, 2974, 2984, 3015, 3017, 3022, 3033, 3051, 3066, 3077, 3081, 3081, 3108, 3130, 3143, 3154, 3169, 3171, 3175, 3188, 3189, 3205, 3210, 3214, 3221, 3229, 3231, 3225, 3240, 3248, 3250, 3250, 3254, 3253, 3259, 3265, 3267, 3270, 3272, 3277, 3283, 3286, 3288, 3289, 3291, 3292, 3292, 3301, 3310, 3315, 3320, 3321, 3321, 3321]","[25, 25, 25, 27, 31, 38, 45, 49, 50, 53, 55, 71, 61, 65, 71, 73, 74, 78, 80, 85, 85, 93, 93, 96, 99, 104, 109, 112, 115, 117, 118, 118, 126, 131, 135, 137, 138, 139, 139, 149, 151, 151, 151, 152, 152, 153, 157, 158, 159, 161, 162, 162, 163, 166, 167, 169, 170, 170, 170, 170, 170, 171, 171, 174, 174, 174, 174, 178, 177, 178, 178, 178, 178, 178, 178, 178, 178, 181, 181, 181, 181, 181, 181, 181, 181, 181, 181, 181, 182, 182, 182, 182, 182, 182, 182, 182, 182, 182, 182, 182, 182, 182]",Thuringia,2020-04-10,DEU-TH,"['NYT-World', 'DEU']",2020-07-19,3321,3321,182,102.0,,,,2143145.0,"[0, 0, 0, 0, 0, 0, 0, 0, 0, 0, 0, 0, 0, 0, 0, 0, 0, 0, 0, 0, 0, 0, 0, 0, 0, 0, 0, 0, 0, 0, 0, 0, 0, 0, 0, 0, 0, 0, 0, 0, 0, 0, 0, 0, 0, 0, 0, 0, 0, 0, 0, 0, 0, 0, 0, 0, 0, 0, 0, 0, 0, 0, 0, 0, 0, 0, 0, 0, 0, 0, 0, 0, 0, 0, 0, 0, 0, 0, 0, 0, 0, 0, 0, 0, 0, 0, 0, 0, 0, 0, 0, 0, 0, 0, 0, 0, 0, 0, 0, 0, 0, 0]",state
